Category,Filename,Extracted_Skills,Skill_Count
ACCOUNTANT,23416654.pdf,Excel,1
ACCOUNTANT,18635654.pdf,excel,1
ACCOUNTANT,23513618.pdf,Excel,1
ACCOUNTANT,28359817.pdf,,0
ACCOUNTANT,23734441.pdf,Excel,1
ACCOUNTANT,27558837.pdf,Excel,1
ACCOUNTANT,14126433.pdf,Excel,1
ACCOUNTANT,27573855.pdf,"Excel, project management",2
ACCOUNTANT,25067742.pdf,Excel,1
ACCOUNTANT,15363277.pdf,Excel,1
ACCOUNTANT,35554162.pdf,,0
ACCOUNTANT,20624984.pdf,,0
ACCOUNTANT,42487883.pdf,Excel,1
ACCOUNTANT,10674770.pdf,"Excel, excel",2
ACCOUNTANT,12065211.pdf,"Excel, SQL",2
ACCOUNTANT,43685045.pdf,Excel,1
ACCOUNTANT,15289348.pdf,"Excel, excel",2
ACCOUNTANT,12338274.pdf,,0
ACCOUNTANT,49997097.pdf,Excel,1
ACCOUNTANT,30304575.pdf,Excel,1
ACCOUNTANT,20082776.pdf,,0
ACCOUNTANT,17306905.pdf,Excel,1
ACCOUNTANT,29821051.pdf,"Excel, Project management",2
ACCOUNTANT,23438112.pdf,,0
ACCOUNTANT,23636277.pdf,Excel,1
ACCOUNTANT,17407184.pdf,"Project Management, project management",2
ACCOUNTANT,62809577.pdf,Project Management,1
ACCOUNTANT,12202337.pdf,Excel,1
ACCOUNTANT,25846894.pdf,Excel,1
ACCOUNTANT,28939941.pdf,Excel,1
ACCOUNTANT,25127518.pdf,,0
ACCOUNTANT,24799301.pdf,,0
ACCOUNTANT,12802330.pdf,Excel,1
ACCOUNTANT,21794875.pdf,Excel,1
ACCOUNTANT,27637576.pdf,project management,1
ACCOUNTANT,13294301.pdf,,0
ACCOUNTANT,36425270.pdf,Excel,1
ACCOUNTANT,21031285.pdf,"Excel, SQL",2
ACCOUNTANT,34198885.pdf,,0
ACCOUNTANT,21853199.pdf,,0
ACCOUNTANT,24817041.pdf,Excel,1
ACCOUNTANT,28614791.pdf,Excel,1
ACCOUNTANT,18569929.pdf,Excel,1
ACCOUNTANT,18365791.pdf,,0
ACCOUNTANT,11759079.pdf,Excel,1
ACCOUNTANT,22465498.pdf,,0
ACCOUNTANT,23139819.pdf,,0
ACCOUNTANT,21763056.pdf,Excel,1
ACCOUNTANT,20393721.pdf,Excel,1
ACCOUNTANT,75286906.pdf,Excel,1
ACCOUNTANT,80053367.pdf,Excel,1
ACCOUNTANT,78403342.pdf,"Excel, excel",2
ACCOUNTANT,87635012.pdf,"Excel, SQL",2
ACCOUNTANT,37997506.pdf,Excel,1
ACCOUNTANT,27980446.pdf,Excel,1
ACCOUNTANT,37370455.pdf,Excel,1
ACCOUNTANT,14491649.pdf,Excel,1
ACCOUNTANT,39674178.pdf,,0
ACCOUNTANT,78257294.pdf,,0
ACCOUNTANT,23246831.pdf,Excel,1
ACCOUNTANT,98559931.pdf,"Excel, excel",2
ACCOUNTANT,25749150.pdf,Excel,1
ACCOUNTANT,26975573.pdf,Excel,1
ACCOUNTANT,24294778.pdf,Excel,1
ACCOUNTANT,20253563.pdf,Excel,1
ACCOUNTANT,11163645.pdf,Excel,1
ACCOUNTANT,22925443.pdf,Excel,1
ACCOUNTANT,31602598.pdf,Excel,1
ACCOUNTANT,17556527.pdf,Excel,1
ACCOUNTANT,30361788.pdf,,0
ACCOUNTANT,12442909.pdf,,0
ACCOUNTANT,13130984.pdf,Excel,1
ACCOUNTANT,50222417.pdf,Excel,1
ACCOUNTANT,13072019.pdf,Project Management,1
ACCOUNTANT,36024962.pdf,Excel,1
ACCOUNTANT,53640713.pdf,,0
ACCOUNTANT,25867805.pdf,"Excel, project management",2
ACCOUNTANT,16237710.pdf,Excel,1
ACCOUNTANT,13491889.pdf,Excel,1
ACCOUNTANT,25935030.pdf,,0
ACCOUNTANT,14449423.pdf,"Excel, SQL",2
ACCOUNTANT,39115899.pdf,"Excel, SQL",2
ACCOUNTANT,38847011.pdf,,0
ACCOUNTANT,18132924.pdf,"Excel, sql",2
ACCOUNTANT,19446337.pdf,Excel,1
ACCOUNTANT,49204385.pdf,Excel,1
ACCOUNTANT,15821633.pdf,,0
ACCOUNTANT,29050809.pdf,,0
ACCOUNTANT,82649935.pdf,"Excel, excel",2
ACCOUNTANT,25547145.pdf,"Excel, excel",2
ACCOUNTANT,63137898.pdf,,0
ACCOUNTANT,25862026.pdf,,0
ACCOUNTANT,24703009.pdf,,0
ACCOUNTANT,15906625.pdf,Excel,1
ACCOUNTANT,23387174.pdf,Excel,1
ACCOUNTANT,14055988.pdf,,0
ACCOUNTANT,29999135.pdf,Excel,1
ACCOUNTANT,20345168.pdf,Excel,1
ACCOUNTANT,28969385.pdf,excel,1
ACCOUNTANT,10554236.pdf,,0
ACCOUNTANT,30813919.pdf,,0
ACCOUNTANT,14470533.pdf,Excel,1
ACCOUNTANT,21338490.pdf,Excel,1
ACCOUNTANT,14496667.pdf,Excel,1
ACCOUNTANT,33527446.pdf,Excel,1
ACCOUNTANT,25462793.pdf,,0
ACCOUNTANT,12780508.pdf,Excel,1
ACCOUNTANT,28298773.pdf,Excel,1
ACCOUNTANT,13701259.pdf,Excel,1
ACCOUNTANT,14224370.pdf,Excel,1
ACCOUNTANT,34816637.pdf,Excel,1
ACCOUNTANT,19545827.pdf,"Project Management, Excel",2
ACCOUNTANT,24103168.pdf,Excel,1
ACCOUNTANT,26065877.pdf,"Excel, excel",2
ACCOUNTANT,59403481.pdf,"Excel, excel",2
ACCOUNTANT,15592167.pdf,Excel,1
ACCOUNTANT,29456173.pdf,Excel,1
ACCOUNTANT,18669563.pdf,Excel,1
ADVOCATE,23804341.pdf,,0
ADVOCATE,14708590.pdf,Project management,1
ADVOCATE,74191424.pdf,,0
ADVOCATE,24946537.pdf,Excel,1
ADVOCATE,29926588.pdf,Excel,1
ADVOCATE,24763208.pdf,,0
ADVOCATE,14445309.pdf,,0
ADVOCATE,35474904.pdf,Excel,1
ADVOCATE,26071861.pdf,"Python, Excel, Javascript",3
ADVOCATE,31040875.pdf,,0
ADVOCATE,53169257.pdf,project management,1
ADVOCATE,20400279.pdf,,0
ADVOCATE,17165107.pdf,Excel,1
ADVOCATE,20544228.pdf,,0
ADVOCATE,10818478.pdf,,0
ADVOCATE,23427369.pdf,Excel,1
ADVOCATE,29173771.pdf,,0
ADVOCATE,49475708.pdf,,0
ADVOCATE,44115326.pdf,"Java, Aws, JAVA, AWS, Sql, SQL",6
ADVOCATE,91051945.pdf,Project Management,1
ADVOCATE,47133747.pdf,Excel,1
ADVOCATE,10344379.pdf,,0
ADVOCATE,13072354.pdf,Excel,1
ADVOCATE,17911230.pdf,,0
ADVOCATE,15313140.pdf,,0
ADVOCATE,20272792.pdf,,0
ADVOCATE,13593241.pdf,,0
ADVOCATE,20765795.pdf,,0
ADVOCATE,11773767.pdf,"Project Management, Excel",2
ADVOCATE,13967854.pdf,,0
ADVOCATE,14064815.pdf,Excel,1
ADVOCATE,40088790.pdf,Project Management,1
ADVOCATE,31242382.pdf,Excel,1
ADVOCATE,49486820.pdf,Excel,1
ADVOCATE,17847636.pdf,Excel,1
ADVOCATE,28974459.pdf,Excel,1
ADVOCATE,11188218.pdf,Excel,1
ADVOCATE,37333719.pdf,,0
ADVOCATE,93512385.pdf,,0
ADVOCATE,75057933.pdf,,0
ADVOCATE,24588864.pdf,"Excel, Project management",2
ADVOCATE,22391901.pdf,,0
ADVOCATE,37560528.pdf,Excel,1
ADVOCATE,90468982.pdf,,0
ADVOCATE,19926135.pdf,excel,1
ADVOCATE,73448369.pdf,Excel,1
ADVOCATE,16332348.pdf,Excel,1
ADVOCATE,15727656.pdf,Excel,1
ADVOCATE,37640804.pdf,Excel,1
ADVOCATE,19108760.pdf,Project Management,1
ADVOCATE,34970271.pdf,,0
ADVOCATE,72652441.pdf,,0
ADVOCATE,11174187.pdf,,0
ADVOCATE,18725071.pdf,Excel,1
ADVOCATE,46772262.pdf,,0
ADVOCATE,15337481.pdf,,0
ADVOCATE,10659182.pdf,,0
ADVOCATE,42164460.pdf,"Excel, Project management",2
ADVOCATE,12171093.pdf,,0
ADVOCATE,38291889.pdf,Excel,1
ADVOCATE,95970987.pdf,excel,1
ADVOCATE,37348041.pdf,,0
ADVOCATE,28206098.pdf,,0
ADVOCATE,18997135.pdf,Excel,1
ADVOCATE,18090899.pdf,"Project Management, Excel",2
ADVOCATE,24695561.pdf,,0
ADVOCATE,28111403.pdf,Project Management,1
ADVOCATE,24410405.pdf,Excel,1
ADVOCATE,14176254.pdf,,0
ADVOCATE,20324037.pdf,,0
ADVOCATE,14146106.pdf,,0
ADVOCATE,17254634.pdf,Excel,1
ADVOCATE,15958967.pdf,,0
ADVOCATE,38860712.pdf,,0
ADVOCATE,35344611.pdf,,0
ADVOCATE,28635795.pdf,Excel,1
ADVOCATE,20138606.pdf,Excel,1
ADVOCATE,27182111.pdf,,0
ADVOCATE,28871170.pdf,,0
ADVOCATE,13809698.pdf,Excel,1
ADVOCATE,74126637.pdf,Excel,1
ADVOCATE,20604208.pdf,Excel,1
ADVOCATE,38059130.pdf,"Project Management, Excel, project management",3
ADVOCATE,17021141.pdf,Excel,1
ADVOCATE,78538268.pdf,Excel,1
ADVOCATE,13115648.pdf,"Project Management, Excel",2
ADVOCATE,11963737.pdf,SQL,1
ADVOCATE,77439230.pdf,"Project management, Tableau",2
ADVOCATE,36392131.pdf,Excel,1
ADVOCATE,29415426.pdf,,0
ADVOCATE,22259475.pdf,Excel,1
ADVOCATE,22042181.pdf,,0
ADVOCATE,30741799.pdf,,0
ADVOCATE,29177904.pdf,"Project Management, Excel",2
ADVOCATE,75435017.pdf,,0
ADVOCATE,34327438.pdf,,0
ADVOCATE,89508407.pdf,,0
ADVOCATE,23577836.pdf,,0
ADVOCATE,97405769.pdf,,0
ADVOCATE,10186968.pdf,Excel,1
ADVOCATE,26456474.pdf,,0
ADVOCATE,95714702.pdf,,0
ADVOCATE,24124250.pdf,Excel,1
ADVOCATE,32965335.pdf,AWS,1
ADVOCATE,19063156.pdf,Excel,1
ADVOCATE,12544735.pdf,,0
ADVOCATE,13342150.pdf,Excel,1
ADVOCATE,25873425.pdf,,0
ADVOCATE,36694627.pdf,excel,1
ADVOCATE,75950464.pdf,Excel,1
ADVOCATE,21614256.pdf,Excel,1
ADVOCATE,54067174.pdf,,0
ADVOCATE,80503242.pdf,"Excel, SQL",2
ADVOCATE,13909762.pdf,Excel,1
ADVOCATE,38698573.pdf,"Excel, excel",2
ADVOCATE,19234823.pdf,Excel,1
ADVOCATE,19518606.pdf,,0
ADVOCATE,24754689.pdf,,0
AGRICULTURE,10953078.pdf,,0
AGRICULTURE,12674256.pdf,,0
AGRICULTURE,15053703.pdf,Excel,1
AGRICULTURE,14140903.pdf,,0
AGRICULTURE,15603319.pdf,,0
AGRICULTURE,16507693.pdf,Excel,1
AGRICULTURE,11676151.pdf,"Project Management, Excel",2
AGRICULTURE,12341902.pdf,,0
AGRICULTURE,11813872.pdf,"Python, SQL, AWS, Java",4
AGRICULTURE,11197262.pdf,,0
AGRICULTURE,15546686.pdf,,0
AGRICULTURE,16172429.pdf,Excel,1
AGRICULTURE,18264694.pdf,,0
AGRICULTURE,18242317.pdf,,0
AGRICULTURE,19532392.pdf,SQL,1
AGRICULTURE,21868149.pdf,Project Management,1
AGRICULTURE,16849128.pdf,,0
AGRICULTURE,19851252.pdf,Excel,1
AGRICULTURE,20969119.pdf,,0
AGRICULTURE,16661264.pdf,Excel,1
AGRICULTURE,17499196.pdf,,0
AGRICULTURE,24397882.pdf,Excel,1
AGRICULTURE,24068423.pdf,JavaScript,1
AGRICULTURE,16653657.pdf,,0
AGRICULTURE,21134923.pdf,"Project Management, Excel",2
AGRICULTURE,17312146.pdf,Excel,1
AGRICULTURE,24001783.pdf,Excel,1
AGRICULTURE,17640785.pdf,"Project Management, Excel, project management",3
AGRICULTURE,20006992.pdf,,0
AGRICULTURE,23631188.pdf,Excel,1
AGRICULTURE,56068028.pdf,"Excel, excel",2
AGRICULTURE,28733974.pdf,Project management,1
AGRICULTURE,29746235.pdf,"Project management, excel",2
AGRICULTURE,34141299.pdf,Excel,1
AGRICULTURE,38216888.pdf,,0
AGRICULTURE,37292350.pdf,,0
AGRICULTURE,79536879.pdf,Excel,1
AGRICULTURE,27689009.pdf,,0
AGRICULTURE,37201447.pdf,,0
AGRICULTURE,26835781.pdf,,0
AGRICULTURE,69336473.pdf,,0
AGRICULTURE,55500538.pdf,Excel,1
AGRICULTURE,29968330.pdf,Excel,1
AGRICULTURE,62994611.pdf,"Data Visualization, Python, data visualization, Tableau, python, Project management, SQL, JavaScript, project management",9
AGRICULTURE,29510501.pdf,Excel,1
AGRICULTURE,36102323.pdf,,0
AGRICULTURE,29142288.pdf,"Excel, Project management",2
AGRICULTURE,81042872.pdf,Excel,1
AGRICULTURE,26070334.pdf,,0
AGRICULTURE,29897742.pdf,Project management,1
AGRICULTURE,27888251.pdf,project management,1
AGRICULTURE,26921245.pdf,Excel,1
AGRICULTURE,54246169.pdf,Excel,1
AGRICULTURE,69859102.pdf,,0
AGRICULTURE,89740812.pdf,"Excel, AutoCAD",2
AGRICULTURE,55712978.pdf,,0
AGRICULTURE,40882926.pdf,project management,1
AGRICULTURE,30437583.pdf,Excel,1
AGRICULTURE,24416961.pdf,"Project Management, project management",2
AGRICULTURE,28247753.pdf,Project Management,1
AGRICULTURE,28165687.pdf,project management,1
AGRICULTURE,84512719.pdf,excel,1
AGRICULTURE,69360287.pdf,"Excel, excel",2
APPAREL,20905088.pdf,"PLC, Project Management, Project management, excel, project management",5
APPAREL,27694040.pdf,,0
APPAREL,36136569.pdf,"PROJECT MANAGEMENT, Project Management, project management",3
APPAREL,30430249.pdf,Excel,1
APPAREL,27099856.pdf,,0
APPAREL,17659053.pdf,Excel,1
APPAREL,21007083.pdf,,0
APPAREL,37750854.pdf,,0
APPAREL,58208591.pdf,Excel,1
APPAREL,25543217.pdf,,0
APPAREL,71767359.pdf,"Excel, excel",2
APPAREL,13418452.pdf,,0
APPAREL,15746146.pdf,,0
APPAREL,19070271.pdf,,0
APPAREL,54308684.pdf,Excel,1
APPAREL,27549075.pdf,Excel,1
APPAREL,18509268.pdf,,0
APPAREL,29640922.pdf,"Project Management, Excel",2
APPAREL,29521434.pdf,,0
APPAREL,24516163.pdf,Excel,1
APPAREL,16723524.pdf,Excel,1
APPAREL,30344127.pdf,"Excel, Tableau",2
APPAREL,26586477.pdf,,0
APPAREL,26046878.pdf,,0
APPAREL,12669075.pdf,"Project Management, Excel, excel, project management",4
APPAREL,70750649.pdf,Excel,1
APPAREL,52252936.pdf,"Excel, excel",2
APPAREL,13386301.pdf,"Excel, excel",2
APPAREL,46514339.pdf,,0
APPAREL,16915389.pdf,,0
APPAREL,43852883.pdf,Excel,1
APPAREL,23190306.pdf,excel,1
APPAREL,19402977.pdf,,0
APPAREL,22852364.pdf,,0
APPAREL,50324968.pdf,Excel,1
APPAREL,14698557.pdf,,0
APPAREL,29764492.pdf,,0
APPAREL,29028935.pdf,Excel,1
APPAREL,24533931.pdf,,0
APPAREL,26691587.pdf,,0
APPAREL,12059610.pdf,,0
APPAREL,15535408.pdf,,0
APPAREL,78273826.pdf,Excel,1
APPAREL,91026230.pdf,Excel,1
APPAREL,91533580.pdf,,0
APPAREL,35121930.pdf,,0
APPAREL,12860543.pdf,"Project Management, Excel, Project management",3
APPAREL,16985289.pdf,Excel,1
APPAREL,22249155.pdf,,0
APPAREL,21570485.pdf,"Excel, excel",2
APPAREL,20504094.pdf,,0
APPAREL,35603950.pdf,Excel,1
APPAREL,56025640.pdf,"Project Management, Excel",2
APPAREL,14304010.pdf,,0
APPAREL,13764840.pdf,Excel,1
APPAREL,25142074.pdf,,0
APPAREL,12122372.pdf,Project Management,1
APPAREL,10876132.pdf,Excel,1
APPAREL,36094883.pdf,Excel,1
APPAREL,16605640.pdf,,0
APPAREL,35985133.pdf,excel,1
APPAREL,26829561.pdf,"Project Management, project management",2
APPAREL,72807293.pdf,,0
APPAREL,26098594.pdf,,0
APPAREL,16391949.pdf,,0
APPAREL,11409460.pdf,,0
APPAREL,13807808.pdf,Project management,1
APPAREL,14937492.pdf,Excel,1
APPAREL,35571205.pdf,,0
APPAREL,31225895.pdf,,0
APPAREL,10738095.pdf,Excel,1
APPAREL,11677077.pdf,,0
APPAREL,83566455.pdf,,0
APPAREL,27176039.pdf,Project Management,1
APPAREL,14413257.pdf,Excel,1
APPAREL,33665485.pdf,"Project Management, project management",2
APPAREL,16500168.pdf,Excel,1
APPAREL,13858219.pdf,,0
APPAREL,31362807.pdf,EXCEL,1
APPAREL,27091280.pdf,,0
APPAREL,17714174.pdf,Excel,1
APPAREL,99806115.pdf,,0
APPAREL,21807211.pdf,Excel,1
APPAREL,71499299.pdf,,0
APPAREL,15479281.pdf,,0
APPAREL,31761591.pdf,"Excel, excel",2
APPAREL,24989856.pdf,project management,1
APPAREL,10562768.pdf,,0
APPAREL,23719943.pdf,Excel,1
APPAREL,15154822.pdf,,0
APPAREL,56151548.pdf,,0
APPAREL,10182582.pdf,Excel,1
APPAREL,28998957.pdf,"Excel, SQL",2
APPAREL,41586420.pdf,Excel,1
APPAREL,19714635.pdf,,0
APPAREL,11232471.pdf,,0
APPAREL,12668625.pdf,,0
ARTS,23139437.pdf,,0
ARTS,99033098.pdf,Excel,1
ARTS,46055835.pdf,Excel,1
ARTS,36379931.pdf,Excel,1
ARTS,21867728.pdf,project management,1
ARTS,18106533.pdf,Excel,1
ARTS,32318506.pdf,,0
ARTS,12777487.pdf,,0
ARTS,33344933.pdf,Java,1
ARTS,22800977.pdf,,0
ARTS,19671909.pdf,,0
ARTS,93576192.pdf,PLC,1
ARTS,17694454.pdf,,0
ARTS,28711616.pdf,,0
ARTS,54180474.pdf,project management,1
ARTS,39470264.pdf,Project Management,1
ARTS,14150896.pdf,,0
ARTS,12334650.pdf,Excel,1
ARTS,14879257.pdf,,0
ARTS,25923361.pdf,Excel,1
ARTS,11360471.pdf,,0
ARTS,25926667.pdf,"Excel, excel",2
ARTS,54100393.pdf,project management,1
ARTS,15306049.pdf,,0
ARTS,20356750.pdf,Excel,1
ARTS,29148871.pdf,,0
ARTS,38115035.pdf,Excel,1
ARTS,20488267.pdf,Excel,1
ARTS,15265464.pdf,,0
ARTS,16887936.pdf,project management,1
ARTS,23752500.pdf,,0
ARTS,19508520.pdf,Project management,1
ARTS,25157655.pdf,Excel,1
ARTS,23917826.pdf,excel,1
ARTS,11995013.pdf,Excel,1
ARTS,18885767.pdf,,0
ARTS,14248724.pdf,,0
ARTS,43622023.pdf,,0
ARTS,18029935.pdf,project management,1
ARTS,37751611.pdf,,0
ARTS,32794700.pdf,,0
ARTS,20148147.pdf,,0
ARTS,31114531.pdf,,0
ARTS,79432080.pdf,,0
ARTS,13272204.pdf,,0
ARTS,39608848.pdf,,0
ARTS,18319061.pdf,Project Management,1
ARTS,24983760.pdf,,0
ARTS,28471099.pdf,"Project Management, project management",2
ARTS,36019469.pdf,Excel,1
ARTS,73030450.pdf,,0
ARTS,20149476.pdf,,0
ARTS,94230796.pdf,Excel,1
ARTS,78107631.pdf,,0
ARTS,11555549.pdf,Excel,1
ARTS,28629430.pdf,"Excel, JavaScript",2
ARTS,10830646.pdf,,0
ARTS,26410763.pdf,Java,1
ARTS,30594821.pdf,,0
ARTS,12413512.pdf,,0
ARTS,16962067.pdf,PLC,1
ARTS,99561379.pdf,Excel,1
ARTS,17857644.pdf,Excel,1
ARTS,25561640.pdf,Excel,1
ARTS,11187796.pdf,,0
ARTS,22593054.pdf,Excel,1
ARTS,65325317.pdf,,0
ARTS,27164756.pdf,,0
ARTS,21060367.pdf,,0
ARTS,20698469.pdf,,0
ARTS,37220856.pdf,,0
ARTS,24349611.pdf,,0
ARTS,17325147.pdf,,0
ARTS,27715131.pdf,,0
ARTS,83206166.pdf,Excel,1
ARTS,83338413.pdf,,0
ARTS,41950126.pdf,,0
ARTS,17033567.pdf,,0
ARTS,24061629.pdf,Excel,1
ARTS,36758947.pdf,,0
ARTS,19724031.pdf,,0
ARTS,34304175.pdf,,0
ARTS,26079779.pdf,excel,1
ARTS,21809601.pdf,,0
ARTS,16244633.pdf,"Project Management, Excel",2
ARTS,53227466.pdf,,0
ARTS,27096796.pdf,,0
ARTS,50432401.pdf,,0
ARTS,22848179.pdf,project management,1
ARTS,27936502.pdf,,0
ARTS,34146825.pdf,,0
ARTS,12386670.pdf,,0
ARTS,31273413.pdf,,0
ARTS,26069113.pdf,,0
ARTS,18586076.pdf,Excel,1
ARTS,39064638.pdf,,0
ARTS,22182279.pdf,Excel,1
ARTS,37472265.pdf,,0
ARTS,65352424.pdf,"Project Management, Excel",2
ARTS,73497035.pdf,project management,1
ARTS,66226673.pdf,AWS,1
ARTS,28325193.pdf,,0
ARTS,27024099.pdf,"Project Management, Excel",2
AUTOMOBILE,82140102.pdf,,0
AUTOMOBILE,23522150.pdf,,0
AUTOMOBILE,32109048.pdf,Excel,1
AUTOMOBILE,16332293.pdf,,0
AUTOMOBILE,91515108.pdf,,0
AUTOMOBILE,63989974.pdf,project management,1
AUTOMOBILE,99680385.pdf,Project Management,1
AUTOMOBILE,15210069.pdf,,0
AUTOMOBILE,15100547.pdf,,0
AUTOMOBILE,51508889.pdf,"Java, SQL, Project Management, JavaScript",4
AUTOMOBILE,18448085.pdf,"Python, Excel, Tableau, AutoCAD, SQL, Data Visualization",6
AUTOMOBILE,78357954.pdf,Excel,1
AUTOMOBILE,97449528.pdf,,0
AUTOMOBILE,32069695.pdf,,0
AUTOMOBILE,25047127.pdf,Excel,1
AUTOMOBILE,28790806.pdf,"SQL, project management",2
AUTOMOBILE,84295343.pdf,Excel,1
AUTOMOBILE,17571262.pdf,,0
AUTOMOBILE,24592627.pdf,,0
AUTOMOBILE,26341645.pdf,"Project Management, Excel, Project management, SQL",4
AUTOMOBILE,22946204.pdf,"Java, Machine Learning, Python, Excel, python, PLC, AutoCAD, SQL",8
AUTOMOBILE,47487091.pdf,Excel,1
AUTOMOBILE,14455622.pdf,,0
AUTOMOBILE,11797122.pdf,,0
AUTOMOBILE,23009962.pdf,,0
AUTOMOBILE,11257723.pdf,,0
AUTOMOBILE,11887930.pdf,Excel,1
AUTOMOBILE,22732234.pdf,,0
AUTOMOBILE,22452756.pdf,,0
AUTOMOBILE,11152490.pdf,Project management,1
AUTOMOBILE,15484011.pdf,Excel,1
AUTOMOBILE,14508237.pdf,Excel,1
AUTOMOBILE,18932512.pdf,excel,1
AUTOMOBILE,15790602.pdf,project management,1
AUTOMOBILE,17510973.pdf,Excel,1
AUTOMOBILE,24703983.pdf,"Excel, excel",2
AVIATION,17655479.pdf,,0
AVIATION,15684810.pdf,,0
AVIATION,24589765.pdf,Excel,1
AVIATION,13195436.pdf,Excel,1
AVIATION,37473139.pdf,"Excel, excel, AutoCAD",3
AVIATION,15618327.pdf,Excel,1
AVIATION,10176815.pdf,Excel,1
AVIATION,31605080.pdf,,0
AVIATION,31536294.pdf,"Project Management, project management",2
AVIATION,24544244.pdf,Excel,1
AVIATION,23761385.pdf,,0
AVIATION,24773845.pdf,project management,1
AVIATION,17483843.pdf,"Excel, project management",2
AVIATION,23985183.pdf,"Project management, project management",2
AVIATION,10567764.pdf,,0
AVIATION,12904972.pdf,Project Management,1
AVIATION,91431878.pdf,,0
AVIATION,19506295.pdf,"Project Management, Excel, AUTOCAD, project management",4
AVIATION,68216398.pdf,,0
AVIATION,11614114.pdf,,0
AVIATION,18268860.pdf,,0
AVIATION,99416532.pdf,,0
AVIATION,25719936.pdf,"Excel, SCADA, HMI, PLC, AutoCAD, Project Management, Project management, project management",8
AVIATION,10945968.pdf,"Project Management, Java",2
AVIATION,77626587.pdf,Project Management,1
AVIATION,19284293.pdf,Excel,1
AVIATION,36727173.pdf,,0
AVIATION,58048626.pdf,,0
AVIATION,28186635.pdf,,0
AVIATION,38154903.pdf,,0
AVIATION,98389424.pdf,,0
AVIATION,14874322.pdf,,0
AVIATION,38663892.pdf,"Excel, excel",2
AVIATION,12043694.pdf,Excel,1
AVIATION,23464505.pdf,"Java, JAVA, AWS, java, SQL",5
AVIATION,26888302.pdf,Excel,1
AVIATION,17694572.pdf,Excel,1
AVIATION,90318913.pdf,PLC,1
AVIATION,54232810.pdf,,0
AVIATION,26819872.pdf,Excel,1
AVIATION,14589288.pdf,,0
AVIATION,33627938.pdf,,0
AVIATION,25718772.pdf,"Java, Excel",2
AVIATION,69458502.pdf,Project management,1
AVIATION,27502951.pdf,Autocad,1
AVIATION,65219288.pdf,,0
AVIATION,11137306.pdf,Excel,1
AVIATION,29161565.pdf,Excel,1
AVIATION,14790629.pdf,,0
AVIATION,16449694.pdf,,0
AVIATION,27512470.pdf,Excel,1
AVIATION,42427521.pdf,Excel,1
AVIATION,30148777.pdf,Excel,1
AVIATION,10189110.pdf,Excel,1
AVIATION,43720116.pdf,"Python, Excel",2
AVIATION,26279402.pdf,,0
AVIATION,29534737.pdf,,0
AVIATION,11169163.pdf,,0
AVIATION,11804712.pdf,Excel,1
AVIATION,11959428.pdf,,0
AVIATION,27902692.pdf,Project Management,1
AVIATION,15823995.pdf,Excel,1
AVIATION,96457008.pdf,,0
AVIATION,19818707.pdf,Excel,1
AVIATION,13405229.pdf,Excel,1
AVIATION,17983430.pdf,Excel,1
AVIATION,38047274.pdf,,0
AVIATION,29167286.pdf,,0
AVIATION,29221006.pdf,"Project Management, Excel",2
AVIATION,94137171.pdf,Excel,1
AVIATION,43408471.pdf,,0
AVIATION,25625173.pdf,"Project management, project management",2
AVIATION,17686472.pdf,AutoCAD,1
AVIATION,16850314.pdf,"Excel, excel, AutoCAD",3
AVIATION,17274759.pdf,Excel,1
AVIATION,92283635.pdf,,0
AVIATION,67631413.pdf,,0
AVIATION,28020046.pdf,Excel,1
AVIATION,17152392.pdf,,0
AVIATION,13234267.pdf,Project management,1
AVIATION,32720816.pdf,Excel,1
AVIATION,12239749.pdf,Excel,1
AVIATION,21287405.pdf,,0
AVIATION,42641525.pdf,,0
AVIATION,10395944.pdf,,0
AVIATION,11333001.pdf,,0
AVIATION,24154692.pdf,Excel,1
AVIATION,49646155.pdf,Project management,1
AVIATION,12504278.pdf,,0
AVIATION,16833515.pdf,Excel,1
AVIATION,22168194.pdf,,0
AVIATION,70198580.pdf,,0
AVIATION,12144825.pdf,"Python, Excel, Docker, SQL, JavaScript",5
AVIATION,81588968.pdf,Excel,1
AVIATION,17008356.pdf,,0
AVIATION,20026169.pdf,Excel,1
AVIATION,24668861.pdf,Project Management,1
AVIATION,61315605.pdf,,0
AVIATION,36252245.pdf,,0
AVIATION,82738323.pdf,,0
AVIATION,38989376.pdf,"Project Management, Excel",2
AVIATION,12192507.pdf,,0
AVIATION,22650051.pdf,,0
AVIATION,87826037.pdf,Excel,1
AVIATION,11752500.pdf,"Project Management, project management",2
AVIATION,29595906.pdf,,0
AVIATION,21190805.pdf,Excel,1
AVIATION,16279537.pdf,,0
AVIATION,42546558.pdf,excel,1
AVIATION,34419403.pdf,,0
AVIATION,22232367.pdf,"Python, Excel, Sql, sql, Project Management, SQL",6
AVIATION,28383893.pdf,Project management,1
AVIATION,22990761.pdf,,0
AVIATION,50775901.pdf,Excel,1
AVIATION,17876954.pdf,,0
AVIATION,38355831.pdf,,0
AVIATION,22442947.pdf,excel,1
BANKING,74552449.pdf,Excel,1
BANKING,19149865.pdf,Excel,1
BANKING,60182829.pdf,"Project Management, Project management",2
BANKING,31710562.pdf,Excel,1
BANKING,36905896.pdf,,0
BANKING,11065180.pdf,Excel,1
BANKING,3547447.pdf,Excel,1
BANKING,13982572.pdf,,0
BANKING,65864767.pdf,,0
BANKING,19176318.pdf,"Excel, SQL",2
BANKING,99124477.pdf,"Java, Excel, SQL, JavaScript",4
BANKING,10329506.pdf,Excel,1
BANKING,16407619.pdf,Excel,1
BANKING,64589506.pdf,"Project Management, Project management",2
BANKING,98348532.pdf,SQL,1
BANKING,18824120.pdf,"Project Management, Excel",2
BANKING,72876163.pdf,Project management,1
BANKING,18457785.pdf,"SQL, project management",2
BANKING,11842348.pdf,,0
BANKING,21796843.pdf,,0
BANKING,98965485.pdf,"Project Management, Excel, project management",3
BANKING,27606527.pdf,"Excel, SQL",2
BANKING,17189156.pdf,Excel,1
BANKING,33286293.pdf,,0
BANKING,34758680.pdf,"Excel, SQL",2
BANKING,17213671.pdf,Excel,1
BANKING,25624652.pdf,,0
BANKING,19911786.pdf,Project Management,1
BANKING,41651672.pdf,,0
BANKING,12021752.pdf,,0
BANKING,18208580.pdf,Excel,1
BANKING,77156708.pdf,"Project Management, SQL",2
BANKING,28895997.pdf,Excel,1
BANKING,18172739.pdf,"Project Management, Excel, Project management",3
BANKING,22615491.pdf,excel,1
BANKING,25162378.pdf,"Project Management, Excel",2
BANKING,25200253.pdf,SQL,1
BANKING,17396388.pdf,,0
BANKING,29406313.pdf,"Project Management, project management",2
BANKING,33370664.pdf,,0
BANKING,10909673.pdf,Project Management,1
BANKING,17818707.pdf,Excel,1
BANKING,18805506.pdf,Project management,1
BANKING,25780596.pdf,Excel,1
BANKING,11262933.pdf,Excel,1
BANKING,43375498.pdf,,0
BANKING,14391434.pdf,Excel,1
BANKING,21856577.pdf,,0
BANKING,35564026.pdf,Excel,1
BANKING,32980197.pdf,excel,1
BANKING,29552167.pdf,,0
BANKING,39247950.pdf,"SQL, JavaScript",2
BANKING,11672279.pdf,Project Management,1
BANKING,14626780.pdf,,0
BANKING,16300459.pdf,Excel,1
BANKING,18369400.pdf,,0
BANKING,19437318.pdf,,0
BANKING,11266906.pdf,,0
BANKING,28419927.pdf,,0
BANKING,28051330.pdf,,0
BANKING,26673507.pdf,excel,1
BANKING,35492909.pdf,Excel,1
BANKING,60489316.pdf,SQL,1
BANKING,24580361.pdf,Excel,1
BANKING,39569771.pdf,"Project Management, Excel",2
BANKING,15856762.pdf,"Excel, project management",2
BANKING,21645690.pdf,"Excel, excel, project management",3
BANKING,13173522.pdf,Excel,1
BANKING,19920687.pdf,"Project Management, Excel",2
BANKING,79041971.pdf,,0
BANKING,13393401.pdf,Project management,1
BANKING,27884470.pdf,,0
BANKING,30127072.pdf,,0
BANKING,21756639.pdf,,0
BANKING,69243180.pdf,"Excel, excel",2
BANKING,11637468.pdf,EXCEL,1
BANKING,17823436.pdf,"Java, java, SQL",3
BANKING,20850529.pdf,SQL,1
BANKING,34953092.pdf,"Python, machine learning, SQL, Machine Learning",4
BANKING,39142536.pdf,,0
BANKING,20992320.pdf,,0
BANKING,38897568.pdf,Excel,1
BANKING,73157997.pdf,,0
BANKING,25080805.pdf,Excel,1
BANKING,31025785.pdf,Excel,1
BANKING,18278509.pdf,,0
BANKING,34185495.pdf,Excel,1
BANKING,54421668.pdf,Excel,1
BANKING,21297521.pdf,"Java, AWS, Docker, Project Management, Project management, SQL, JavaScript",7
BANKING,28989677.pdf,project management,1
BANKING,23323001.pdf,"Project Management, Excel",2
BANKING,30713796.pdf,Excel,1
BANKING,89049979.pdf,"Project Management, Excel",2
BANKING,35483925.pdf,"Excel, EXCEL, SQL",3
BANKING,29839396.pdf,"Java, Excel, Python",3
BANKING,17131084.pdf,Excel,1
BANKING,45167858.pdf,excel,1
BANKING,70667011.pdf,,0
BANKING,19374660.pdf,Excel,1
BANKING,87867370.pdf,"Excel, excel, project management",3
BANKING,96493528.pdf,project management,1
BANKING,68781345.pdf,"Project Management, Project management, project management",3
BANKING,34783330.pdf,,0
BANKING,26579709.pdf,"Project Management, Excel, excel",3
BANKING,33872500.pdf,,0
BANKING,26987539.pdf,"Project Management, Excel, project management",3
BANKING,71422121.pdf,"Excel, SQL",2
BANKING,18645964.pdf,,0
BANKING,27120528.pdf,Excel,1
BANKING,17276884.pdf,"Project Management, Excel, project management",3
BANKING,11773925.pdf,Excel,1
BANKING,33135102.pdf,,0
BANKING,36302399.pdf,,0
BANKING,29093426.pdf,,0
BANKING,15553584.pdf,,0
BPO,27710853.pdf,,0
BPO,63158213.pdf,,0
BPO,15573418.pdf,,0
BPO,31064969.pdf,Project Management,1
BPO,24727739.pdf,"Excel, excel",2
BPO,57706851.pdf,SQL,1
BPO,38707449.pdf,"Project Management, Excel",2
BPO,45077654.pdf,Excel,1
BPO,23933031.pdf,,0
BPO,11183737.pdf,,0
BPO,69097572.pdf,Excel,1
BPO,30709029.pdf,,0
BPO,18589927.pdf,,0
BPO,26829350.pdf,Excel,1
BPO,19362586.pdf,Excel,1
BPO,16492045.pdf,Excel,1
BPO,89512321.pdf,,0
BPO,95625660.pdf,,0
BPO,15145575.pdf,,0
BPO,79261033.pdf,,0
BPO,13964744.pdf,"Java, Excel, SQL, excel, project management",5
BPO,41152404.pdf,"Java, Javascript, Sql, Project Management, SQL, JavaScript",6
BUSINESS-DEVELOPMENT,35673335.pdf,,0
BUSINESS-DEVELOPMENT,20357858.pdf,Excel,1
BUSINESS-DEVELOPMENT,11088337.pdf,Excel,1
BUSINESS-DEVELOPMENT,19738730.pdf,,0
BUSINESS-DEVELOPMENT,17597372.pdf,,0
BUSINESS-DEVELOPMENT,14871762.pdf,"Java, Python, Excel, Tableau, Project management, SQL",6
BUSINESS-DEVELOPMENT,91467795.pdf,project management,1
BUSINESS-DEVELOPMENT,37521676.pdf,project management,1
BUSINESS-DEVELOPMENT,76916835.pdf,,0
BUSINESS-DEVELOPMENT,25370801.pdf,,0
BUSINESS-DEVELOPMENT,13888506.pdf,Excel,1
BUSINESS-DEVELOPMENT,37391947.pdf,Excel,1
BUSINESS-DEVELOPMENT,27937592.pdf,,0
BUSINESS-DEVELOPMENT,28916894.pdf,,0
BUSINESS-DEVELOPMENT,18937778.pdf,project management,1
BUSINESS-DEVELOPMENT,18757174.pdf,excel,1
BUSINESS-DEVELOPMENT,29908929.pdf,,0
BUSINESS-DEVELOPMENT,15811992.pdf,,0
BUSINESS-DEVELOPMENT,12230301.pdf,"Excel, project management",2
BUSINESS-DEVELOPMENT,27213082.pdf,"Project management, AutoCAD, project management",3
BUSINESS-DEVELOPMENT,10289113.pdf,,0
BUSINESS-DEVELOPMENT,11289482.pdf,"Project Management, Project management, project management",3
BUSINESS-DEVELOPMENT,12546838.pdf,"Project Management, Excel, excel, Python",4
BUSINESS-DEVELOPMENT,10235211.pdf,,0
BUSINESS-DEVELOPMENT,38688388.pdf,,0
BUSINESS-DEVELOPMENT,17730889.pdf,,0
BUSINESS-DEVELOPMENT,13080868.pdf,,0
BUSINESS-DEVELOPMENT,20553895.pdf,,0
BUSINESS-DEVELOPMENT,26581830.pdf,"Excel, project management",2
BUSINESS-DEVELOPMENT,32385553.pdf,,0
BUSINESS-DEVELOPMENT,23396633.pdf,,0
BUSINESS-DEVELOPMENT,15423153.pdf,Project Management,1
BUSINESS-DEVELOPMENT,26896699.pdf,,0
BUSINESS-DEVELOPMENT,47067533.pdf,,0
BUSINESS-DEVELOPMENT,16091352.pdf,,0
BUSINESS-DEVELOPMENT,61677751.pdf,"Project Management, project management",2
BUSINESS-DEVELOPMENT,25813953.pdf,Excel,1
BUSINESS-DEVELOPMENT,39237915.pdf,Project Management,1
BUSINESS-DEVELOPMENT,10228751.pdf,Excel,1
BUSINESS-DEVELOPMENT,18236085.pdf,,0
BUSINESS-DEVELOPMENT,27375577.pdf,,0
BUSINESS-DEVELOPMENT,81310245.pdf,,0
BUSINESS-DEVELOPMENT,13574264.pdf,,0
BUSINESS-DEVELOPMENT,14726000.pdf,"EXCEL, project management",2
BUSINESS-DEVELOPMENT,98379112.pdf,,0
BUSINESS-DEVELOPMENT,24964303.pdf,project management,1
BUSINESS-DEVELOPMENT,79759716.pdf,Excel,1
BUSINESS-DEVELOPMENT,19557384.pdf,,0
BUSINESS-DEVELOPMENT,31273310.pdf,,0
BUSINESS-DEVELOPMENT,14990354.pdf,Project Management,1
BUSINESS-DEVELOPMENT,10704573.pdf,,0
BUSINESS-DEVELOPMENT,36805025.pdf,"Project management, project management",2
BUSINESS-DEVELOPMENT,10501991.pdf,,0
BUSINESS-DEVELOPMENT,15233524.pdf,Excel,1
BUSINESS-DEVELOPMENT,14070138.pdf,,0
BUSINESS-DEVELOPMENT,29208172.pdf,"Project Management, Project management",2
BUSINESS-DEVELOPMENT,33424600.pdf,,0
BUSINESS-DEVELOPMENT,27850777.pdf,,0
BUSINESS-DEVELOPMENT,80275976.pdf,,0
BUSINESS-DEVELOPMENT,24647386.pdf,,0
BUSINESS-DEVELOPMENT,26278597.pdf,,0
BUSINESS-DEVELOPMENT,22423839.pdf,,0
BUSINESS-DEVELOPMENT,20633855.pdf,,0
BUSINESS-DEVELOPMENT,40792022.pdf,Project Management,1
BUSINESS-DEVELOPMENT,27796199.pdf,,0
BUSINESS-DEVELOPMENT,34046031.pdf,,0
BUSINESS-DEVELOPMENT,36170003.pdf,,0
BUSINESS-DEVELOPMENT,11551946.pdf,,0
BUSINESS-DEVELOPMENT,20317319.pdf,Excel,1
BUSINESS-DEVELOPMENT,12632728.pdf,,0
BUSINESS-DEVELOPMENT,65708020.pdf,,0
BUSINESS-DEVELOPMENT,27004930.pdf,Project Management,1
BUSINESS-DEVELOPMENT,31638814.pdf,,0
BUSINESS-DEVELOPMENT,77576845.pdf,Excel,1
BUSINESS-DEVELOPMENT,18311419.pdf,,0
BUSINESS-DEVELOPMENT,14241621.pdf,,0
BUSINESS-DEVELOPMENT,95382114.pdf,project management,1
BUSINESS-DEVELOPMENT,12377803.pdf,,0
BUSINESS-DEVELOPMENT,24412546.pdf,Excel,1
BUSINESS-DEVELOPMENT,17115815.pdf,excel,1
BUSINESS-DEVELOPMENT,27139412.pdf,,0
BUSINESS-DEVELOPMENT,12814706.pdf,excel,1
BUSINESS-DEVELOPMENT,16694152.pdf,,0
BUSINESS-DEVELOPMENT,30938994.pdf,,0
BUSINESS-DEVELOPMENT,90629382.pdf,"Excel, project management",2
BUSINESS-DEVELOPMENT,28337049.pdf,,0
BUSINESS-DEVELOPMENT,34797369.pdf,"Excel, EXCEL",2
BUSINESS-DEVELOPMENT,14287992.pdf,"Excel, excel",2
BUSINESS-DEVELOPMENT,59696315.pdf,Project management,1
BUSINESS-DEVELOPMENT,16846478.pdf,,0
BUSINESS-DEVELOPMENT,31813535.pdf,"Project management, AutoCAD, project management",3
BUSINESS-DEVELOPMENT,13199813.pdf,,0
BUSINESS-DEVELOPMENT,38007664.pdf,,0
BUSINESS-DEVELOPMENT,14825300.pdf,"Project Management, project management",2
BUSINESS-DEVELOPMENT,32042584.pdf,SQL,1
BUSINESS-DEVELOPMENT,17602815.pdf,,0
BUSINESS-DEVELOPMENT,20427934.pdf,"Java, Excel",2
BUSINESS-DEVELOPMENT,25397102.pdf,"Python, Excel, SQL",3
BUSINESS-DEVELOPMENT,23568641.pdf,,0
BUSINESS-DEVELOPMENT,22765255.pdf,"Project Management, Autocad, AutoCAD, project management",4
BUSINESS-DEVELOPMENT,17095812.pdf,,0
BUSINESS-DEVELOPMENT,29825044.pdf,,0
BUSINESS-DEVELOPMENT,14055971.pdf,"Excel, project management",2
BUSINESS-DEVELOPMENT,18293620.pdf,,0
BUSINESS-DEVELOPMENT,20748929.pdf,"Excel, SQL, excel",3
BUSINESS-DEVELOPMENT,27219200.pdf,,0
BUSINESS-DEVELOPMENT,22025574.pdf,,0
BUSINESS-DEVELOPMENT,36574147.pdf,,0
BUSINESS-DEVELOPMENT,39875803.pdf,,0
BUSINESS-DEVELOPMENT,17421910.pdf,Excel,1
BUSINESS-DEVELOPMENT,10541358.pdf,"Excel, excel",2
BUSINESS-DEVELOPMENT,14861855.pdf,,0
BUSINESS-DEVELOPMENT,89197180.pdf,"Excel, Project management",2
BUSINESS-DEVELOPMENT,29014805.pdf,"Project Management, Excel",2
BUSINESS-DEVELOPMENT,12059198.pdf,,0
BUSINESS-DEVELOPMENT,82118447.pdf,,0
BUSINESS-DEVELOPMENT,16519708.pdf,,0
BUSINESS-DEVELOPMENT,67501448.pdf,,0
BUSINESS-DEVELOPMENT,14752209.pdf,"Project Management, Excel",2
BUSINESS-DEVELOPMENT,32531824.pdf,Tableau,1
CHEF,29775391.pdf,,0
CHEF,13264154.pdf,,0
CHEF,19007667.pdf,,0
CHEF,23568731.pdf,,0
CHEF,18825446.pdf,,0
CHEF,29772450.pdf,,0
CHEF,25924968.pdf,Excel,1
CHEF,23841877.pdf,Excel,1
CHEF,26189601.pdf,,0
CHEF,21611637.pdf,,0
CHEF,11209758.pdf,Excel,1
CHEF,10276858.pdf,,0
CHEF,25452321.pdf,,0
CHEF,19268120.pdf,,0
CHEF,16248476.pdf,,0
CHEF,22349169.pdf,,0
CHEF,18036030.pdf,,0
CHEF,24221960.pdf,,0
CHEF,28424982.pdf,,0
CHEF,29211359.pdf,,0
CHEF,21622444.pdf,,0
CHEF,10889157.pdf,,0
CHEF,28092317.pdf,Excel,1
CHEF,19951766.pdf,Excel,1
CHEF,18480859.pdf,,0
CHEF,10333299.pdf,Project Management,1
CHEF,11121498.pdf,project management,1
CHEF,10653119.pdf,,0
CHEF,13212436.pdf,,0
CHEF,21511817.pdf,,0
CHEF,10001727.pdf,Project Management,1
CHEF,19285236.pdf,,0
CHEF,16804396.pdf,,0
CHEF,15261348.pdf,Project Management,1
CHEF,22561438.pdf,,0
CHEF,13411858.pdf,excel,1
CHEF,12254068.pdf,,0
CHEF,28396528.pdf,,0
CHEF,11444536.pdf,"Excel, excel, project management",3
CHEF,23185829.pdf,excel,1
CHEF,26718039.pdf,,0
CHEF,14569498.pdf,Excel,1
CHEF,29072179.pdf,,0
CHEF,24673903.pdf,,0
CHEF,27662298.pdf,,0
CHEF,16066857.pdf,,0
CHEF,16594812.pdf,,0
CHEF,16855929.pdf,,0
CHEF,13095891.pdf,Project Management,1
CHEF,20691949.pdf,,0
CHEF,12420359.pdf,Excel,1
CHEF,19831366.pdf,Excel,1
CHEF,23398733.pdf,,0
CHEF,28230807.pdf,,0
CHEF,28176889.pdf,,0
CHEF,21869994.pdf,excel,1
CHEF,25128608.pdf,,0
CHEF,25953797.pdf,,0
CHEF,20817322.pdf,Excel,1
CHEF,14663897.pdf,,0
CHEF,15180322.pdf,,0
CHEF,23591247.pdf,Excel,1
CHEF,23032276.pdf,Excel,1
CHEF,27298953.pdf,"Project Management, Excel, Project management",3
CHEF,21334981.pdf,Excel,1
CHEF,12717345.pdf,,0
CHEF,20033302.pdf,Excel,1
CHEF,20321582.pdf,,0
CHEF,24709432.pdf,Excel,1
CHEF,12155206.pdf,Excel,1
CHEF,10588874.pdf,,0
CHEF,16924102.pdf,,0
CHEF,11432686.pdf,"Project Management, Excel, project management",3
CHEF,21101152.pdf,excel,1
CHEF,27831220.pdf,,0
CHEF,29449419.pdf,,0
CHEF,21904897.pdf,,0
CHEF,27820360.pdf,,0
CHEF,27909372.pdf,Excel,1
CHEF,15354126.pdf,Excel,1
CHEF,23807940.pdf,Excel,1
CHEF,47317494.pdf,"Excel, excel",2
CHEF,29784524.pdf,,0
CHEF,32518109.pdf,,0
CHEF,53265899.pdf,,0
CHEF,68338341.pdf,,0
CHEF,51554903.pdf,Excel,1
CHEF,35468363.pdf,,0
CHEF,57262959.pdf,project management,1
CHEF,29990140.pdf,Excel,1
CHEF,47603843.pdf,"Java, Javascript",2
CHEF,30311202.pdf,,0
CHEF,62555739.pdf,AutoCAD,1
CHEF,94047639.pdf,,0
CHEF,36366044.pdf,Excel,1
CHEF,92985983.pdf,Excel,1
CHEF,47729453.pdf,,0
CHEF,30826569.pdf,,0
CHEF,33964275.pdf,,0
CHEF,92122785.pdf,,0
CHEF,30128072.pdf,,0
CHEF,74522938.pdf,,0
CHEF,48580330.pdf,,0
CHEF,61322296.pdf,,0
CHEF,38309905.pdf,,0
CHEF,81373857.pdf,Excel,1
CHEF,86551046.pdf,,0
CHEF,31547476.pdf,Excel,1
CHEF,34252537.pdf,Excel,1
CHEF,34452806.pdf,,0
CHEF,65373280.pdf,,0
CHEF,91072502.pdf,,0
CHEF,32605413.pdf,"Excel, project management",2
CHEF,30337969.pdf,project management,1
CHEF,35157762.pdf,"Excel, Project management",2
CHEF,37231163.pdf,,0
CHEF,91268638.pdf,,0
CHEF,91591026.pdf,,0
CONSTRUCTION,19471144.pdf,Excel,1
CONSTRUCTION,25187733.pdf,"Project Management, Excel, project management",3
CONSTRUCTION,29894080.pdf,"Project Management, Excel, SCADA",3
CONSTRUCTION,21586858.pdf,"Project Management, Excel, AutoCAD, project management",4
CONSTRUCTION,27246366.pdf,"Project Management, project management",2
CONSTRUCTION,28803888.pdf,"Excel, AutoCAD",2
CONSTRUCTION,16626724.pdf,"Project Management, Excel, project management",3
CONSTRUCTION,28756444.pdf,,0
CONSTRUCTION,12491898.pdf,,0
CONSTRUCTION,71576860.pdf,,0
CONSTRUCTION,29574501.pdf,"Excel, excel",2
CONSTRUCTION,29193505.pdf,"Excel, excel, project management",3
CONSTRUCTION,21363048.pdf,Project Management,1
CONSTRUCTION,27835351.pdf,,0
CONSTRUCTION,30397268.pdf,"Project Management, Excel, AutoCAD, project management",4
CONSTRUCTION,12212468.pdf,project management,1
CONSTRUCTION,16353584.pdf,,0
CONSTRUCTION,32799518.pdf,,0
CONSTRUCTION,28942221.pdf,,0
CONSTRUCTION,27243670.pdf,"excel, project management",2
CONSTRUCTION,12890045.pdf,Excel,1
CONSTRUCTION,10149490.pdf,,0
CONSTRUCTION,51638201.pdf,"Excel, Project management, project management",3
CONSTRUCTION,61065616.pdf,,0
CONSTRUCTION,14585273.pdf,Excel,1
CONSTRUCTION,27066370.pdf,,0
CONSTRUCTION,11393213.pdf,,0
CONSTRUCTION,11650031.pdf,,0
CONSTRUCTION,24740005.pdf,"Project Management, Excel, Autocad",3
CONSTRUCTION,10176013.pdf,"AutoCAD, project management",2
CONSTRUCTION,44147689.pdf,project management,1
CONSTRUCTION,49685006.pdf,Excel,1
CONSTRUCTION,36331163.pdf,Excel,1
CONSTRUCTION,22983516.pdf,,0
CONSTRUCTION,20565849.pdf,,0
CONSTRUCTION,26091595.pdf,"AutoCad, project management",2
CONSTRUCTION,63145386.pdf,"Excel, AutoCAD",2
CONSTRUCTION,32773331.pdf,Excel,1
CONSTRUCTION,21782152.pdf,Excel,1
CONSTRUCTION,39908485.pdf,"Project Management, Excel, project management",3
CONSTRUCTION,90032884.pdf,"Project Management, Project management, project management",3
CONSTRUCTION,19364677.pdf,"Project Management, excel, project management",3
CONSTRUCTION,19928941.pdf,,0
CONSTRUCTION,10041713.pdf,"SCADA, Scada, PLC, Sql, SQL",5
CONSTRUCTION,56525735.pdf,,0
CONSTRUCTION,25098739.pdf,,0
CONSTRUCTION,24361598.pdf,"Excel, Autocad",2
CONSTRUCTION,16203589.pdf,"Excel, excel",2
CONSTRUCTION,30311725.pdf,"Project Management, project management",2
CONSTRUCTION,10820510.pdf,"Excel, AWS",2
CONSTRUCTION,22019500.pdf,"Project Management, project management, AutoCad",3
CONSTRUCTION,22546476.pdf,,0
CONSTRUCTION,22965804.pdf,,0
CONSTRUCTION,10734870.pdf,Excel,1
CONSTRUCTION,39027764.pdf,project management,1
CONSTRUCTION,31850269.pdf,Excel,1
CONSTRUCTION,39674782.pdf,"Project Management, AutoCAD",2
CONSTRUCTION,45475027.pdf,"Project management, project management",2
CONSTRUCTION,88859947.pdf,"Project Management, Excel",2
CONSTRUCTION,12695537.pdf,,0
CONSTRUCTION,94503308.pdf,project management,1
CONSTRUCTION,23818675.pdf,"Project Management, Excel, AutoCAD, project management",4
CONSTRUCTION,18472240.pdf,,0
CONSTRUCTION,16378091.pdf,,0
CONSTRUCTION,29878348.pdf,,0
CONSTRUCTION,10281555.pdf,,0
CONSTRUCTION,10100240.pdf,,0
CONSTRUCTION,69764348.pdf,,0
CONSTRUCTION,99433371.pdf,"Excel, AutoCAD",2
CONSTRUCTION,14849103.pdf,"Project Management, project management",2
CONSTRUCTION,39566718.pdf,"Project Management, Excel, Project management, project management",4
CONSTRUCTION,28815362.pdf,"Project Management, Excel, AutoCAD, project management",4
CONSTRUCTION,25224998.pdf,AutoCad,1
CONSTRUCTION,78114950.pdf,Project management,1
CONSTRUCTION,24953126.pdf,"Project Management, Project management",2
CONSTRUCTION,32025286.pdf,AutoCAD,1
CONSTRUCTION,29087505.pdf,"Project Management, Project management",2
CONSTRUCTION,33023370.pdf,Excel,1
CONSTRUCTION,12826414.pdf,"Project Management, project management",2
CONSTRUCTION,22718826.pdf,"Project management, project management",2
CONSTRUCTION,16924279.pdf,EXCEL,1
CONSTRUCTION,29483501.pdf,project management,1
CONSTRUCTION,93436805.pdf,Excel,1
CONSTRUCTION,25656981.pdf,,0
CONSTRUCTION,17252448.pdf,"Project Management, project management",2
CONSTRUCTION,35971546.pdf,AutoCAD,1
CONSTRUCTION,12654876.pdf,AutoCAD,1
CONSTRUCTION,21567392.pdf,Project Management,1
CONSTRUCTION,27187994.pdf,,0
CONSTRUCTION,26509539.pdf,"Excel, Project management, project management",3
CONSTRUCTION,78298706.pdf,,0
CONSTRUCTION,32265203.pdf,,0
CONSTRUCTION,12693146.pdf,"Excel, AutoCAD, project management",3
CONSTRUCTION,13907230.pdf,"Excel, AutoCAD",2
CONSTRUCTION,12839152.pdf,Project Management,1
CONSTRUCTION,18882984.pdf,Excel,1
CONSTRUCTION,34544955.pdf,Excel,1
CONSTRUCTION,15721849.pdf,"Project Management, project management",2
CONSTRUCTION,24770846.pdf,,0
CONSTRUCTION,38946032.pdf,SQL,1
CONSTRUCTION,28949406.pdf,"Excel, AutoCAD",2
CONSTRUCTION,22894544.pdf,,0
CONSTRUCTION,29061628.pdf,,0
CONSTRUCTION,63083944.pdf,project management,1
CONSTRUCTION,14900898.pdf,AWS,1
CONSTRUCTION,17342969.pdf,"Project Management, Project management",2
CONSTRUCTION,33141415.pdf,"Java, Excel, Project Management, JavaScript",4
CONSTRUCTION,12666174.pdf,"Project Management, Excel, AutoCAD, project management",4
CONSTRUCTION,15564893.pdf,,0
CONSTRUCTION,48549972.pdf,,0
CONSTRUCTION,20681037.pdf,Excel,1
CONSTRUCTION,17570634.pdf,project management,1
CONSULTANT,10332998.pdf,,0
CONSULTANT,12374933.pdf,"Sql, Excel, SQL",3
CONSULTANT,11020140.pdf,Excel,1
CONSULTANT,10984392.pdf,Project management,1
CONSULTANT,11415967.pdf,"Project Management, project management",2
CONSULTANT,12251115.pdf,Excel,1
CONSULTANT,11835339.pdf,,0
CONSULTANT,11333660.pdf,Project Management,1
CONSULTANT,31201660.pdf,Project Management,1
CONSULTANT,15535920.pdf,Project management,1
CONSULTANT,31217840.pdf,"Project Management, SQL, project management",3
CONSULTANT,22485475.pdf,Excel,1
CONSULTANT,15281412.pdf,"Excel, SQL, JavaScript",3
CONSULTANT,95350373.pdf,,0
CONSULTANT,67406885.pdf,,0
CONSULTANT,26919036.pdf,"Project Management, project management",2
CONSULTANT,51432451.pdf,SQL,1
CONSULTANT,37818861.pdf,project management,1
CONSULTANT,15433732.pdf,"Project Management, JavaScript, project management",3
CONSULTANT,63670997.pdf,Project management,1
CONSULTANT,24643412.pdf,"Java, Project Management, Javascript, Sql, SQL, JavaScript, project management",7
CONSULTANT,39308779.pdf,Excel,1
CONSULTANT,43311839.pdf,"Java, Excel, SQL, excel, JavaScript",5
CONSULTANT,20314980.pdf,"Project management, SQL, project management",3
CONSULTANT,88691367.pdf,Project Management,1
CONSULTANT,15083600.pdf,"Python, Excel, SQL",3
CONSULTANT,16964217.pdf,,0
CONSULTANT,13313917.pdf,project management,1
CONSULTANT,38165833.pdf,Excel,1
CONSULTANT,31395742.pdf,Project Management,1
CONSULTANT,88907739.pdf,"Project Management, Excel, SQL, project management",4
CONSULTANT,56792999.pdf,"Project Management, Project management, project management",3
CONSULTANT,29770086.pdf,"Project Management, project management",2
CONSULTANT,31016926.pdf,project management,1
CONSULTANT,48533663.pdf,,0
CONSULTANT,49777184.pdf,"Project Management, Excel",2
CONSULTANT,29297393.pdf,"Excel, AutoCAD",2
CONSULTANT,78016758.pdf,,0
CONSULTANT,15699744.pdf,"Excel, Project management",2
CONSULTANT,28243590.pdf,,0
CONSULTANT,25258040.pdf,Project management,1
CONSULTANT,38457612.pdf,project management,1
CONSULTANT,69181350.pdf,Excel,1
CONSULTANT,22556198.pdf,Excel,1
CONSULTANT,29196643.pdf,"Java, Excel, SQL, JAVA",4
CONSULTANT,31169070.pdf,SQL,1
CONSULTANT,51724595.pdf,"Java, Excel, SQL, project management",4
CONSULTANT,57601040.pdf,Project Management,1
CONSULTANT,38399177.pdf,,0
CONSULTANT,12897903.pdf,,0
CONSULTANT,14593060.pdf,SQL,1
CONSULTANT,13454871.pdf,SQL,1
CONSULTANT,25213006.pdf,project management,1
CONSULTANT,95429627.pdf,"Python, Excel, Javascript, Sql, SQL, JavaScript",6
CONSULTANT,29723311.pdf,"Project Management, excel, project management",3
CONSULTANT,43378989.pdf,"Java, Excel, SQL, JavaScript",4
CONSULTANT,12526702.pdf,"Excel, Project management, AutoCAD, project management",4
CONSULTANT,18079050.pdf,Excel,1
CONSULTANT,93459677.pdf,,0
CONSULTANT,28951817.pdf,SQL,1
CONSULTANT,21156767.pdf,"Java, Python, machine learning, java, SQL, JavaScript, Data Visualization",7
CONSULTANT,30083884.pdf,"Project Management, project management",2
CONSULTANT,99714410.pdf,Excel,1
CONSULTANT,57364820.pdf,"Java, Excel, project management",3
CONSULTANT,13215696.pdf,Excel,1
CONSULTANT,65062795.pdf,"Java, SQL",2
CONSULTANT,14517953.pdf,"Excel, project management",2
CONSULTANT,32637306.pdf,,0
CONSULTANT,18856440.pdf,Excel,1
CONSULTANT,24828381.pdf,,0
CONSULTANT,32433431.pdf,,0
CONSULTANT,27726066.pdf,Excel,1
CONSULTANT,26291616.pdf,"SQL, AWS, project management",3
CONSULTANT,38896303.pdf,,0
CONSULTANT,29647215.pdf,"Sql, SQL",2
CONSULTANT,27096471.pdf,project management,1
CONSULTANT,20176584.pdf,Project Management,1
CONSULTANT,22571461.pdf,"Project Management, Excel, project management",3
CONSULTANT,34875813.pdf,,0
CONSULTANT,17025292.pdf,Excel,1
CONSULTANT,91189201.pdf,"Aws, Excel, Tableau, AWS, Sql, SQL",6
CONSULTANT,73075521.pdf,Project management,1
CONSULTANT,29076405.pdf,Excel,1
CONSULTANT,22259768.pdf,Excel,1
CONSULTANT,79570655.pdf,,0
CONSULTANT,19161572.pdf,,0
CONSULTANT,30863060.pdf,"JAVA, Excel, Tableau, SQL, JavaScript",5
CONSULTANT,15119529.pdf,,0
CONSULTANT,39441617.pdf,"Python, Project Management, SQL, JavaScript, project management",5
CONSULTANT,27788376.pdf,Excel,1
CONSULTANT,21568833.pdf,,0
CONSULTANT,71888547.pdf,Project management,1
CONSULTANT,13569152.pdf,"Project Management, project management",2
CONSULTANT,19936735.pdf,,0
CONSULTANT,25694422.pdf,,0
CONSULTANT,23302948.pdf,"Project Management, Excel, Project management, project management",4
CONSULTANT,33919379.pdf,,0
CONSULTANT,17983957.pdf,Project Management,1
CONSULTANT,26234972.pdf,Excel,1
CONSULTANT,26167298.pdf,"Project Management, Excel, Project management, project management",4
CONSULTANT,18227306.pdf,,0
CONSULTANT,21366189.pdf,"Project Management, Excel, SQL, AWS",4
CONSULTANT,14346702.pdf,,0
CONSULTANT,92246939.pdf,,0
CONSULTANT,17307206.pdf,,0
CONSULTANT,21512769.pdf,Excel,1
CONSULTANT,12955994.pdf,Project Management,1
CONSULTANT,22351830.pdf,"Java, java, JavaScript",3
CONSULTANT,13586069.pdf,"Machine Learning, Excel, Tableau, Project Management, SQL",5
CONSULTANT,95792386.pdf,"Excel, SQL",2
CONSULTANT,80527194.pdf,Excel,1
CONSULTANT,20574232.pdf,"SCADA, SQL",2
CONSULTANT,93349646.pdf,"Project Management, Excel, SQL, AWS",4
CONSULTANT,91116867.pdf,,0
CONSULTANT,15602094.pdf,"SQL, Javascript, project management",3
DESIGNER,32954522.pdf,,0
DESIGNER,34051710.pdf,,0
DESIGNER,27529455.pdf,"Project Management, Excel",2
DESIGNER,38744475.pdf,"AutoCad, AutoCAD",2
DESIGNER,10751444.pdf,"Python, AutoCAD",2
DESIGNER,15936656.pdf,,0
DESIGNER,34657584.pdf,AutoCAD,1
DESIGNER,26676567.pdf,,0
DESIGNER,11722421.pdf,,0
DESIGNER,20748926.pdf,,0
DESIGNER,26496059.pdf,Excel,1
DESIGNER,12415691.pdf,"Java, SQL, Python, project management",4
DESIGNER,39776400.pdf,"AWS, AutoCAD",2
DESIGNER,26046064.pdf,Excel,1
DESIGNER,36269672.pdf,,0
DESIGNER,16288901.pdf,AutoCAD,1
DESIGNER,29865476.pdf,Excel,1
DESIGNER,90066849.pdf,,0
DESIGNER,37695494.pdf,,0
DESIGNER,25061645.pdf,,0
DESIGNER,38565119.pdf,AutoCAD,1
DESIGNER,13014900.pdf,Excel,1
DESIGNER,20390397.pdf,"EXCEL, Excel, AUTOCAD, AutoCAD, Project management, Autocad",6
DESIGNER,26622051.pdf,"Project Management, Project management, AutoCAD",3
DESIGNER,20932019.pdf,AutoCAD,1
DESIGNER,11958994.pdf,Excel,1
DESIGNER,26790545.pdf,,0
DESIGNER,12547982.pdf,"Excel, Autocad, AutoCAD",3
DESIGNER,68240723.pdf,,0
DESIGNER,62312955.pdf,,0
DESIGNER,37058472.pdf,"AutoCad, AutoCAD",2
DESIGNER,37664296.pdf,Project management,1
DESIGNER,26924514.pdf,"Excel, Project management",2
DESIGNER,54201930.pdf,,0
DESIGNER,21283733.pdf,Excel,1
DESIGNER,18835363.pdf,Project management,1
DESIGNER,39434376.pdf,,0
DESIGNER,51681660.pdf,excel,1
DESIGNER,17555081.pdf,"Project Management, Excel, project management",3
DESIGNER,24655918.pdf,,0
DESIGNER,14743911.pdf,,0
DESIGNER,18979238.pdf,Excel,1
DESIGNER,21916744.pdf,Excel,1
DESIGNER,17199951.pdf,"Excel, AutoCAD",2
DESIGNER,26503829.pdf,Excel,1
DESIGNER,11807040.pdf,,0
DESIGNER,44185767.pdf,Project Management,1
DESIGNER,11919526.pdf,"Excel, SQL, Javascript",3
DESIGNER,21705160.pdf,,0
DESIGNER,30968749.pdf,"Excel, AutoCad, AutoCAD, Project Management, Project management, SQL",6
DESIGNER,22567495.pdf,,0
DESIGNER,15471999.pdf,,0
DESIGNER,26942552.pdf,,0
DESIGNER,32532982.pdf,"Excel, Autocad",2
DESIGNER,10466583.pdf,,0
DESIGNER,44145704.pdf,Excel,1
DESIGNER,28326441.pdf,"Project management, AutoCAD",2
DESIGNER,41506705.pdf,"Project Management, Autocad, AutoCAD",3
DESIGNER,93301686.pdf,"Excel, excel",2
DESIGNER,30965258.pdf,,0
DESIGNER,94417768.pdf,AutoCAD,1
DESIGNER,51018476.pdf,Excel,1
DESIGNER,29147100.pdf,,0
DESIGNER,13518263.pdf,,0
DESIGNER,34349255.pdf,,0
DESIGNER,81011612.pdf,SQL,1
DESIGNER,78149576.pdf,,0
DESIGNER,91153752.pdf,AutoCAD,1
DESIGNER,13557622.pdf,,0
DESIGNER,23951429.pdf,"Excel, Project management",2
DESIGNER,18198627.pdf,Excel,1
DESIGNER,25422388.pdf,,0
DESIGNER,29524570.pdf,"Excel, PLC, SQL",3
DESIGNER,14014749.pdf,,0
DESIGNER,85101052.pdf,"Java, SQL, project management",3
DESIGNER,18795567.pdf,"Project Management, Excel",2
DESIGNER,24455357.pdf,Excel,1
DESIGNER,34511655.pdf,,0
DESIGNER,13998435.pdf,AutoCAD,1
DESIGNER,11155153.pdf,"Excel, AutoCAD",2
DESIGNER,24583187.pdf,"AutoCAD, project management",2
DESIGNER,28663949.pdf,"Project Management, project management",2
DESIGNER,12674307.pdf,Excel,1
DESIGNER,42384185.pdf,,0
DESIGNER,39252859.pdf,,0
DESIGNER,76010167.pdf,Excel,1
DESIGNER,22506245.pdf,Excel,1
DESIGNER,25023614.pdf,AutoCAD,1
DESIGNER,20986595.pdf,Excel,1
DESIGNER,14724186.pdf,,0
DESIGNER,27497542.pdf,Excel,1
DESIGNER,24285142.pdf,,0
DESIGNER,15425154.pdf,"Project Management, Excel",2
DESIGNER,67645662.pdf,AutoCad,1
DESIGNER,25949631.pdf,,0
DESIGNER,14528265.pdf,AWS,1
DESIGNER,13774329.pdf,project management,1
DESIGNER,22496394.pdf,AutoCAD,1
DESIGNER,22675694.pdf,,0
DESIGNER,37263609.pdf,AutoCAD,1
DESIGNER,10748989.pdf,"Project Management, AutoCAD",2
DESIGNER,35990852.pdf,"SQL, Javascript",2
DESIGNER,19164410.pdf,Excel,1
DESIGNER,19195747.pdf,,0
DESIGNER,67582956.pdf,"Excel, Project management, AutoCAD",3
DESIGNER,34317538.pdf,"data visualization, Project management, SQL",3
DESIGNER,18460045.pdf,Excel,1
DIGITAL-MEDIA,28679359.pdf,"Project Management, project management",2
DIGITAL-MEDIA,21125113.pdf,Excel,1
DIGITAL-MEDIA,18525641.pdf,,0
DIGITAL-MEDIA,30864828.pdf,Excel,1
DIGITAL-MEDIA,23864858.pdf,"Excel, SQL",2
DIGITAL-MEDIA,15226699.pdf,Excel,1
DIGITAL-MEDIA,20330739.pdf,,0
DIGITAL-MEDIA,28609364.pdf,"Project management, project management",2
DIGITAL-MEDIA,26341987.pdf,SQL,1
DIGITAL-MEDIA,27981289.pdf,"Project Management, Excel, Javascript, JavaScript",4
DIGITAL-MEDIA,25038571.pdf,,0
DIGITAL-MEDIA,16276121.pdf,,0
DIGITAL-MEDIA,26160200.pdf,"Project Management, Project management, Javascript",3
DIGITAL-MEDIA,25525152.pdf,,0
DIGITAL-MEDIA,30999638.pdf,Excel,1
DIGITAL-MEDIA,37739183.pdf,Project management,1
DIGITAL-MEDIA,24679149.pdf,,0
DIGITAL-MEDIA,16536141.pdf,Project management,1
DIGITAL-MEDIA,18900722.pdf,Excel,1
DIGITAL-MEDIA,31929166.pdf,Excel,1
DIGITAL-MEDIA,70196518.pdf,,0
DIGITAL-MEDIA,13837784.pdf,Excel,1
DIGITAL-MEDIA,59011090.pdf,Excel,1
DIGITAL-MEDIA,15353911.pdf,,0
DIGITAL-MEDIA,56952849.pdf,,0
DIGITAL-MEDIA,91318828.pdf,,0
DIGITAL-MEDIA,17562754.pdf,,0
DIGITAL-MEDIA,94492380.pdf,,0
DIGITAL-MEDIA,10515955.pdf,,0
DIGITAL-MEDIA,17432318.pdf,Excel,1
DIGITAL-MEDIA,20210676.pdf,Excel,1
DIGITAL-MEDIA,29915354.pdf,,0
DIGITAL-MEDIA,23085604.pdf,"Project management, project management",2
DIGITAL-MEDIA,29002596.pdf,,0
DIGITAL-MEDIA,16509761.pdf,,0
DIGITAL-MEDIA,39166680.pdf,"Tableau, SQL, Data visualization, JavaScript, project management",5
DIGITAL-MEDIA,31162167.pdf,Excel,1
DIGITAL-MEDIA,50219114.pdf,"Project Management, Project management",2
DIGITAL-MEDIA,73282756.pdf,"Project Management, Excel",2
DIGITAL-MEDIA,12085736.pdf,"SQL, JavaScript",2
DIGITAL-MEDIA,11677012.pdf,,0
DIGITAL-MEDIA,19444529.pdf,,0
DIGITAL-MEDIA,24574164.pdf,,0
DIGITAL-MEDIA,24658786.pdf,"Project management, Data visualization",2
DIGITAL-MEDIA,10005171.pdf,,0
DIGITAL-MEDIA,27419236.pdf,"Excel, SQL, project management",3
DIGITAL-MEDIA,14209965.pdf,Excel,1
DIGITAL-MEDIA,18905648.pdf,Excel,1
DIGITAL-MEDIA,24953921.pdf,,0
DIGITAL-MEDIA,17132168.pdf,,0
DIGITAL-MEDIA,14761906.pdf,,0
DIGITAL-MEDIA,40311088.pdf,,0
DIGITAL-MEDIA,14556869.pdf,excel,1
DIGITAL-MEDIA,11005406.pdf,"Sql, SQL, AWS, Aws",4
DIGITAL-MEDIA,18442517.pdf,"Excel, Javascript, Project Management, data visualization, JavaScript, Data Visualization",6
DIGITAL-MEDIA,14771530.pdf,Project Management,1
DIGITAL-MEDIA,27080812.pdf,"machine learning, Project management",2
DIGITAL-MEDIA,23810469.pdf,,0
DIGITAL-MEDIA,40883703.pdf,,0
DIGITAL-MEDIA,82929064.pdf,,0
DIGITAL-MEDIA,19053815.pdf,"Excel, Project management",2
DIGITAL-MEDIA,31909493.pdf,,0
DIGITAL-MEDIA,25723793.pdf,Excel,1
DIGITAL-MEDIA,13503650.pdf,Excel,1
DIGITAL-MEDIA,34583750.pdf,,0
DIGITAL-MEDIA,13343786.pdf,,0
DIGITAL-MEDIA,15484097.pdf,,0
DIGITAL-MEDIA,11270462.pdf,,0
DIGITAL-MEDIA,34319869.pdf,"Project Management, Excel, Tableau, excel",4
DIGITAL-MEDIA,20628003.pdf,,0
DIGITAL-MEDIA,20490741.pdf,,0
DIGITAL-MEDIA,28109594.pdf,"Excel, project management",2
DIGITAL-MEDIA,13328680.pdf,Excel,1
DIGITAL-MEDIA,18354623.pdf,"Project Management, JavaScript, project management",3
DIGITAL-MEDIA,18501746.pdf,,0
DIGITAL-MEDIA,17584743.pdf,,0
DIGITAL-MEDIA,18488289.pdf,Project management,1
DIGITAL-MEDIA,14945250.pdf,,0
DIGITAL-MEDIA,81508860.pdf,Project Management,1
DIGITAL-MEDIA,27921561.pdf,"Project Management, Excel, JavaScript, project management",4
DIGITAL-MEDIA,90685127.pdf,,0
DIGITAL-MEDIA,58915642.pdf,"Java, Excel",2
DIGITAL-MEDIA,91539554.pdf,,0
DIGITAL-MEDIA,25706337.pdf,"Project Management, Excel",2
DIGITAL-MEDIA,18927233.pdf,,0
DIGITAL-MEDIA,33893326.pdf,,0
DIGITAL-MEDIA,42156237.pdf,"Python, Excel, Tableau, Project Management, SQL, JavaScript, project management",7
DIGITAL-MEDIA,19861776.pdf,project management,1
DIGITAL-MEDIA,16893572.pdf,"Project Management, Excel, JavaScript",3
DIGITAL-MEDIA,22706174.pdf,"Project Management, project management",2
DIGITAL-MEDIA,33542483.pdf,project management,1
DIGITAL-MEDIA,80679862.pdf,Excel,1
DIGITAL-MEDIA,14036515.pdf,,0
DIGITAL-MEDIA,22380187.pdf,Excel,1
DIGITAL-MEDIA,62700506.pdf,,0
DIGITAL-MEDIA,30504149.pdf,,0
ENGINEERING,56691064.pdf,"Java, AutoCAD",2
ENGINEERING,55595908.pdf,Excel,1
ENGINEERING,32985311.pdf,"Python, Tableau, SQL, Project management",4
ENGINEERING,25919149.pdf,,0
ENGINEERING,86209934.pdf,"AutoCad, AutoCAD",2
ENGINEERING,19397727.pdf,,0
ENGINEERING,35651876.pdf,,0
ENGINEERING,10985403.pdf,"Machine learning, AutoCAD",2
ENGINEERING,30542184.pdf,,0
ENGINEERING,12748557.pdf,"Project Management, PLC, SCADA",3
ENGINEERING,24322804.pdf,"PLC, AutoCAD",2
ENGINEERING,14049846.pdf,,0
ENGINEERING,74236636.pdf,"AutoCad, Excel",2
ENGINEERING,22605864.pdf,excel,1
ENGINEERING,43752620.pdf,AutoCAD,1
ENGINEERING,12022566.pdf,"Project Management, PLC",2
ENGINEERING,22890839.pdf,"Python, Excel",2
ENGINEERING,28762662.pdf,JavaScript,1
ENGINEERING,20882041.pdf,"Excel, Project management, AutoCAD, project management",4
ENGINEERING,44624796.pdf,"Project Management, Excel, Project management",3
ENGINEERING,24647794.pdf,"Project management, AutoCAD",2
ENGINEERING,12472574.pdf,"Sql, SQL, Javascript, Java",4
ENGINEERING,16911115.pdf,Excel,1
ENGINEERING,20566550.pdf,"Python, SQL",2
ENGINEERING,15858254.pdf,,0
ENGINEERING,15941675.pdf,,0
ENGINEERING,62071407.pdf,"PLC, Project management",2
ENGINEERING,39855211.pdf,,0
ENGINEERING,86828820.pdf,"Project Management, AutoCAD",2
ENGINEERING,38535335.pdf,Excel,1
ENGINEERING,26456899.pdf,"Java, Excel, SQL",3
ENGINEERING,25425322.pdf,"Project Management, project management",2
ENGINEERING,25608963.pdf,Excel,1
ENGINEERING,27756469.pdf,Excel,1
ENGINEERING,19124258.pdf,"Excel, AutoCAD",2
ENGINEERING,27040860.pdf,Excel,1
ENGINEERING,28320387.pdf,,0
ENGINEERING,23497307.pdf,"Excel, Project management, project management",3
ENGINEERING,47919212.pdf,,0
ENGINEERING,60004873.pdf,,0
ENGINEERING,38220146.pdf,"AutoCad, PLC, AutoCAD, Project Management, Project management",5
ENGINEERING,21807224.pdf,AWS,1
ENGINEERING,28078163.pdf,JavaScript,1
ENGINEERING,17043822.pdf,Excel,1
ENGINEERING,49127329.pdf,"Project Management, project management",2
ENGINEERING,12488356.pdf,,0
ENGINEERING,17488801.pdf,"Project Management, AutoCAD",2
ENGINEERING,23234047.pdf,"Java, PLC, AutoCAD",3
ENGINEERING,14554542.pdf,,0
ENGINEERING,64468610.pdf,JavaScript,1
ENGINEERING,64755882.pdf,PLC,1
ENGINEERING,15601399.pdf,,0
ENGINEERING,13264796.pdf,,0
ENGINEERING,28923650.pdf,machine learning,1
ENGINEERING,82246962.pdf,"Python, SQL",2
ENGINEERING,21629057.pdf,,0
ENGINEERING,33685075.pdf,,0
ENGINEERING,54227873.pdf,"Python, Excel, AutoCAD, Java",4
ENGINEERING,10712803.pdf,"PLC, SCADA, HMI",3
ENGINEERING,82125182.pdf,"Java, Project management",2
ENGINEERING,26834746.pdf,"PLC, project management",2
ENGINEERING,35172961.pdf,,0
ENGINEERING,39835894.pdf,project management,1
ENGINEERING,18753367.pdf,"Project Management, project management",2
ENGINEERING,36149549.pdf,"Excel, excel",2
ENGINEERING,35389360.pdf,"Java, Excel, java, excel",4
ENGINEERING,21038022.pdf,"Java, SQL, project management",3
ENGINEERING,37335325.pdf,Java,1
ENGINEERING,28628090.pdf,"Excel, project management",2
ENGINEERING,81125166.pdf,"Excel, PLC, AutoCAD, Project Management, Autocad, project management",6
ENGINEERING,90280583.pdf,"Project Management, Tableau, AutoCAD, project management",4
ENGINEERING,19553067.pdf,excel,1
ENGINEERING,27152464.pdf,"Python, SQL, Project Management",3
ENGINEERING,47549345.pdf,"PLC, SCADA, AutoCAD, HMI",4
ENGINEERING,17108676.pdf,"Excel, Project management, AutoCAD",3
ENGINEERING,11981094.pdf,JavaScript,1
ENGINEERING,12011623.pdf,"Machine Learning, Python, Tableau, machine learning, data visualization, SQL",6
ENGINEERING,25797445.pdf,"Project Management, Excel, PLC, HMI",4
ENGINEERING,31694970.pdf,"Excel, AutoCAD, Project Management, SQL, project management",5
ENGINEERING,77828437.pdf,"Excel, AutoCAD",2
ENGINEERING,11890896.pdf,"Project Management, SQL, project management",3
ENGINEERING,38314236.pdf,AutoCAD,1
ENGINEERING,30097175.pdf,"Excel, SQL",2
ENGINEERING,32081266.pdf,"Project Management, Excel, SQL",3
ENGINEERING,50328713.pdf,"Python, SQL, Machine Learning",3
ENGINEERING,61579998.pdf,"AutoCAD, JAVA",2
ENGINEERING,21298336.pdf,"Excel, Autocad",2
ENGINEERING,35737840.pdf,,0
ENGINEERING,28630325.pdf,,0
ENGINEERING,31684925.pdf,"Excel, AutoCAD",2
ENGINEERING,96029688.pdf,"Project Management, AutoCAD",2
ENGINEERING,36517781.pdf,"AutoCad, Excel, Project Management, AutoCAD",4
ENGINEERING,19612167.pdf,"Excel, Project management",2
ENGINEERING,17103000.pdf,"Project Management, project management",2
ENGINEERING,32802563.pdf,Excel,1
ENGINEERING,21847415.pdf,"Project Management, Excel, Project management",3
ENGINEERING,12518008.pdf,,0
ENGINEERING,10219099.pdf,,0
ENGINEERING,14206561.pdf,Excel,1
ENGINEERING,20981299.pdf,"Project Management, AutoCAD, HMI",3
ENGINEERING,17926546.pdf,"Excel, AutoCad, PLC, Project Management, Project management",5
ENGINEERING,51588273.pdf,"Java, SQL, JavaScript, project management",4
ENGINEERING,47276718.pdf,"Project Management, Excel, Autocad, project management",4
ENGINEERING,10030015.pdf,,0
ENGINEERING,28631840.pdf,"Project Management, project management",2
ENGINEERING,28505854.pdf,"Java, Machine learning, JAVA, machine learning, java",5
ENGINEERING,23438227.pdf,"AutoCad, Excel",2
ENGINEERING,28831378.pdf,,0
ENGINEERING,55953734.pdf,"Python, AUTOCAD, Autocad, AutoCAD",4
ENGINEERING,28005884.pdf,AutoCad,1
ENGINEERING,13149176.pdf,,0
ENGINEERING,19396040.pdf,"Java, Python, Excel, AutoCAD, Project Management",5
ENGINEERING,30288581.pdf,"AutoCad, Excel",2
ENGINEERING,16803215.pdf,Java,1
ENGINEERING,31677347.pdf,JavaScript,1
ENGINEERING,15139979.pdf,"Project management, project management",2
ENGINEERING,25930778.pdf,AutoCAD,1
ENGINEERING,10624813.pdf,"Java, Python, AWS, Project Management, SQL, JavaScript",6
FINANCE,84356308.pdf,"Excel, Project management",2
FINANCE,14722634.pdf,,0
FINANCE,28396458.pdf,Excel,1
FINANCE,76454959.pdf,Excel,1
FINANCE,20705888.pdf,Excel,1
FINANCE,95519832.pdf,,0
FINANCE,22492537.pdf,Excel,1
FINANCE,18640927.pdf,,0
FINANCE,19540089.pdf,project management,1
FINANCE,33685988.pdf,,0
FINANCE,12858898.pdf,Excel,1
FINANCE,11490673.pdf,,0
FINANCE,27409087.pdf,,0
FINANCE,37931076.pdf,Excel,1
FINANCE,23955183.pdf,project management,1
FINANCE,14413148.pdf,Excel,1
FINANCE,38907798.pdf,Excel,1
FINANCE,29612672.pdf,Excel,1
FINANCE,28522529.pdf,Excel,1
FINANCE,77638654.pdf,Project management,1
FINANCE,29648950.pdf,,0
FINANCE,86595128.pdf,Project management,1
FINANCE,19243556.pdf,Excel,1
FINANCE,39675895.pdf,"Excel, project management",2
FINANCE,17880988.pdf,Excel,1
FINANCE,20880935.pdf,,0
FINANCE,24833063.pdf,Excel,1
FINANCE,70541112.pdf,SQL,1
FINANCE,19147603.pdf,Excel,1
FINANCE,57088974.pdf,,0
FINANCE,62850928.pdf,,0
FINANCE,91564103.pdf,Excel,1
FINANCE,29998869.pdf,,0
FINANCE,92524964.pdf,,0
FINANCE,61634281.pdf,,0
FINANCE,88038965.pdf,,0
FINANCE,28623782.pdf,,0
FINANCE,20836112.pdf,,0
FINANCE,29494962.pdf,,0
FINANCE,14181049.pdf,"Project Management, Excel, Project management, SQL",4
FINANCE,59777056.pdf,"Excel, excel",2
FINANCE,11441764.pdf,"Excel, SQL",2
FINANCE,27789372.pdf,Excel,1
FINANCE,74512244.pdf,Excel,1
FINANCE,26013403.pdf,"Project Management, Excel, Project management, SQL",4
FINANCE,98513424.pdf,,0
FINANCE,22622351.pdf,,0
FINANCE,27018361.pdf,,0
FINANCE,18636651.pdf,,0
FINANCE,69487178.pdf,Project management,1
FINANCE,20275356.pdf,Excel,1
FINANCE,81217013.pdf,"Project Management, Project management, excel, project management",4
FINANCE,15792052.pdf,,0
FINANCE,26767199.pdf,,0
FINANCE,24611721.pdf,Excel,1
FINANCE,16426777.pdf,Excel,1
FINANCE,17392859.pdf,Excel,1
FINANCE,47410104.pdf,project management,1
FINANCE,27330027.pdf,"Excel, Project management",2
FINANCE,20977412.pdf,"Excel, SQL",2
FINANCE,38225199.pdf,Excel,1
FINANCE,81677620.pdf,excel,1
FINANCE,14106638.pdf,,0
FINANCE,59938965.pdf,project management,1
FINANCE,14408510.pdf,Excel,1
FINANCE,25101183.pdf,"Project Management, project management",2
FINANCE,15717923.pdf,Excel,1
FINANCE,22720697.pdf,Excel,1
FINANCE,24411323.pdf,,0
FINANCE,48285304.pdf,Excel,1
FINANCE,74849878.pdf,Excel,1
FINANCE,93653247.pdf,"Project Management, project management",2
FINANCE,58165257.pdf,,0
FINANCE,25497147.pdf,,0
FINANCE,18072085.pdf,"Excel, project management",2
FINANCE,20969845.pdf,Excel,1
FINANCE,72136463.pdf,"Excel, project management",2
FINANCE,25678238.pdf,"Excel, Project management",2
FINANCE,86549455.pdf,"Project Management, Project management",2
FINANCE,11877150.pdf,Excel,1
FINANCE,78229715.pdf,Excel,1
FINANCE,15224503.pdf,Excel,1
FINANCE,19405513.pdf,"Excel, excel",2
FINANCE,10549585.pdf,Java,1
FINANCE,34250007.pdf,Tableau,1
FINANCE,24854026.pdf,"Excel, SQL, project management",3
FINANCE,23573064.pdf,project management,1
FINANCE,27914096.pdf,Excel,1
FINANCE,18975686.pdf,,0
FINANCE,26530575.pdf,Excel,1
FINANCE,21912637.pdf,"Project Management, Excel",2
FINANCE,24670867.pdf,Excel,1
FINANCE,66741193.pdf,Excel,1
FINANCE,59818742.pdf,,0
FINANCE,26750846.pdf,Excel,1
FINANCE,25330083.pdf,Excel,1
FINANCE,12071138.pdf,"Excel, project management",2
FINANCE,23354541.pdf,Excel,1
FINANCE,16449850.pdf,,0
FINANCE,26231609.pdf,"Excel, Tableau",2
FINANCE,28724469.pdf,,0
FINANCE,38441665.pdf,,0
FINANCE,28398216.pdf,Excel,1
FINANCE,28758002.pdf,Project management,1
FINANCE,39295103.pdf,Excel,1
FINANCE,15011085.pdf,,0
FINANCE,17775916.pdf,,0
FINANCE,20918464.pdf,"Excel, excel",2
FINANCE,24967652.pdf,,0
FINANCE,31948488.pdf,Excel,1
FINANCE,28973180.pdf,AutoCAD,1
FINANCE,84373843.pdf,Excel,1
FINANCE,24530382.pdf,"Project Management, project management",2
FINANCE,24553863.pdf,"Project Management, Project management",2
FINANCE,15891494.pdf,,0
FINANCE,59450123.pdf,Excel,1
FINANCE,26961846.pdf,,0
FINANCE,18024825.pdf,"Project Management, SQL",2
FITNESS,14107571.pdf,Excel,1
FITNESS,20565486.pdf,Excel,1
FITNESS,17163375.pdf,,0
FITNESS,11522068.pdf,,0
FITNESS,12791244.pdf,,0
FITNESS,17658471.pdf,,0
FITNESS,17576030.pdf,,0
FITNESS,10816645.pdf,,0
FITNESS,22855060.pdf,,0
FITNESS,12695799.pdf,"Project Management, Excel, project management",3
FITNESS,11332602.pdf,Excel,1
FITNESS,10333051.pdf,,0
FITNESS,23477199.pdf,Excel,1
FITNESS,17166018.pdf,,0
FITNESS,10235429.pdf,Excel,1
FITNESS,21238396.pdf,Excel,1
FITNESS,22093368.pdf,Excel,1
FITNESS,23004695.pdf,,0
FITNESS,10428916.pdf,,0
FITNESS,10268614.pdf,Excel,1
FITNESS,17915015.pdf,,0
FITNESS,19774173.pdf,,0
FITNESS,16474898.pdf,Excel,1
FITNESS,19599699.pdf,Excel,1
FITNESS,20279756.pdf,"Project Management, Project management",2
FITNESS,19938081.pdf,,0
FITNESS,16605352.pdf,Excel,1
FITNESS,19037403.pdf,,0
FITNESS,13037145.pdf,,0
FITNESS,20255404.pdf,Project Management,1
FITNESS,12019284.pdf,Project management,1
FITNESS,12938389.pdf,,0
FITNESS,21178545.pdf,,0
FITNESS,13367322.pdf,,0
FITNESS,23063986.pdf,"Excel, Project management, excel",3
FITNESS,15932017.pdf,,0
FITNESS,22488036.pdf,"Python, Excel, PLC, AutoCAD, Project Management, SQL",6
FITNESS,15293959.pdf,Excel,1
FITNESS,23011221.pdf,Project management,1
FITNESS,12092347.pdf,,0
FITNESS,14515954.pdf,"Project Management, project management",2
FITNESS,24444525.pdf,Excel,1
FITNESS,11130200.pdf,,0
FITNESS,24251588.pdf,,0
FITNESS,13675377.pdf,,0
FITNESS,10969918.pdf,,0
FITNESS,18767449.pdf,,0
FITNESS,17660419.pdf,,0
FITNESS,12923795.pdf,,0
FITNESS,21122155.pdf,,0
FITNESS,17286050.pdf,,0
FITNESS,20457611.pdf,project management,1
FITNESS,10568350.pdf,,0
FITNESS,17431847.pdf,Excel,1
FITNESS,24219583.pdf,Excel,1
FITNESS,19975121.pdf,Excel,1
FITNESS,16038911.pdf,,0
FITNESS,35164503.pdf,Excel,1
FITNESS,37087824.pdf,Excel,1
FITNESS,45656814.pdf,,0
FITNESS,38650096.pdf,Excel,1
FITNESS,28321954.pdf,,0
FITNESS,31556198.pdf,,0
FITNESS,29425788.pdf,,0
FITNESS,24994145.pdf,,0
FITNESS,95085510.pdf,,0
FITNESS,26459032.pdf,Excel,1
FITNESS,89858892.pdf,,0
FITNESS,69666645.pdf,,0
FITNESS,25507648.pdf,Excel,1
FITNESS,95769832.pdf,,0
FITNESS,29573698.pdf,,0
FITNESS,24767027.pdf,,0
FITNESS,25482567.pdf,,0
FITNESS,38642923.pdf,,0
FITNESS,57575888.pdf,,0
FITNESS,80000092.pdf,,0
FITNESS,27397245.pdf,Excel,1
FITNESS,35302620.pdf,,0
FITNESS,27974588.pdf,,0
FITNESS,29319314.pdf,"Project Management, project management",2
FITNESS,30757456.pdf,,0
FITNESS,32636041.pdf,Project management,1
FITNESS,67032711.pdf,,0
FITNESS,97123005.pdf,Excel,1
FITNESS,29165698.pdf,,0
FITNESS,34792238.pdf,,0
FITNESS,27903191.pdf,,0
FITNESS,55746506.pdf,,0
FITNESS,34151183.pdf,,0
FITNESS,63282405.pdf,,0
FITNESS,76530505.pdf,,0
FITNESS,29306433.pdf,,0
FITNESS,32517106.pdf,,0
FITNESS,56286525.pdf,,0
FITNESS,96761538.pdf,,0
FITNESS,30990885.pdf,Excel,1
FITNESS,90365216.pdf,"Excel, excel",2
FITNESS,31042953.pdf,project management,1
FITNESS,39805617.pdf,project management,1
FITNESS,24708621.pdf,,0
FITNESS,24905947.pdf,,0
FITNESS,70603826.pdf,,0
FITNESS,29792535.pdf,Excel,1
FITNESS,28669770.pdf,,0
FITNESS,38108845.pdf,,0
FITNESS,25838512.pdf,,0
FITNESS,32651555.pdf,,0
FITNESS,62870550.pdf,,0
FITNESS,52684666.pdf,,0
FITNESS,59487170.pdf,excel,1
FITNESS,75156649.pdf,,0
FITNESS,28172023.pdf,Excel,1
FITNESS,27084878.pdf,,0
FITNESS,36139251.pdf,,0
FITNESS,54259150.pdf,,0
FITNESS,77266989.pdf,excel,1
HEALTHCARE,20211577.pdf,,0
HEALTHCARE,12315079.pdf,,0
HEALTHCARE,12938200.pdf,excel,1
HEALTHCARE,23918545.pdf,Excel,1
HEALTHCARE,36861863.pdf,,0
HEALTHCARE,18365443.pdf,"Project Management, SQL",2
HEALTHCARE,75297735.pdf,Excel,1
HEALTHCARE,31395710.pdf,,0
HEALTHCARE,16702198.pdf,"Project Management, Excel",2
HEALTHCARE,17864043.pdf,,0
HEALTHCARE,23944036.pdf,,0
HEALTHCARE,15636923.pdf,,0
HEALTHCARE,54934269.pdf,Excel,1
HEALTHCARE,46349752.pdf,,0
HEALTHCARE,12613221.pdf,,0
HEALTHCARE,18484846.pdf,Excel,1
HEALTHCARE,33803142.pdf,,0
HEALTHCARE,35422305.pdf,,0
HEALTHCARE,16121387.pdf,Excel,1
HEALTHCARE,17963031.pdf,JAVA,1
HEALTHCARE,93988900.pdf,"Excel, Project management",2
HEALTHCARE,26908066.pdf,Project management,1
HEALTHCARE,47996197.pdf,project management,1
HEALTHCARE,22008817.pdf,"Excel, project management",2
HEALTHCARE,16132195.pdf,,0
HEALTHCARE,24550866.pdf,Project Management,1
HEALTHCARE,26958533.pdf,Excel,1
HEALTHCARE,10076271.pdf,"Project Management, Excel",2
HEALTHCARE,34962725.pdf,,0
HEALTHCARE,33750209.pdf,,0
HEALTHCARE,34594746.pdf,Excel,1
HEALTHCARE,20835760.pdf,,0
HEALTHCARE,87520378.pdf,Excel,1
HEALTHCARE,12333703.pdf,"Project Management, project management",2
HEALTHCARE,27917969.pdf,,0
HEALTHCARE,13575312.pdf,"Java, Project Management, SQL, JavaScript, project management",5
HEALTHCARE,10568183.pdf,Excel,1
HEALTHCARE,24025053.pdf,,0
HEALTHCARE,51777546.pdf,Excel,1
HEALTHCARE,98309114.pdf,Excel,1
HEALTHCARE,10466208.pdf,,0
HEALTHCARE,16356151.pdf,,0
HEALTHCARE,85421438.pdf,,0
HEALTHCARE,20110597.pdf,,0
HEALTHCARE,43994605.pdf,excel,1
HEALTHCARE,29134372.pdf,,0
HEALTHCARE,17624934.pdf,Project Management,1
HEALTHCARE,37001381.pdf,,0
HEALTHCARE,23814777.pdf,Excel,1
HEALTHCARE,35579812.pdf,,0
HEALTHCARE,45907524.pdf,Excel,1
HEALTHCARE,27090089.pdf,,0
HEALTHCARE,11704150.pdf,,0
HEALTHCARE,49325370.pdf,,0
HEALTHCARE,11378657.pdf,Excel,1
HEALTHCARE,18714571.pdf,,0
HEALTHCARE,18949843.pdf,Project management,1
HEALTHCARE,31926950.pdf,Excel,1
HEALTHCARE,32563518.pdf,"Project Management, Project management, SQL, project management",4
HEALTHCARE,17539842.pdf,,0
HEALTHCARE,60624892.pdf,"Project Management, Excel, project management",3
HEALTHCARE,64471954.pdf,excel,1
HEALTHCARE,10480456.pdf,Project Management,1
HEALTHCARE,27030979.pdf,"Project Management, Excel, excel",3
HEALTHCARE,26125407.pdf,,0
HEALTHCARE,19090468.pdf,"Project Management, Java",2
HEALTHCARE,98300955.pdf,"Java, SQL, Javascript",3
HEALTHCARE,32219038.pdf,Excel,1
HEALTHCARE,10251432.pdf,Excel,1
HEALTHCARE,11653906.pdf,,0
HEALTHCARE,23617240.pdf,,0
HEALTHCARE,15680735.pdf,,0
HEALTHCARE,10062724.pdf,Excel,1
HEALTHCARE,20172393.pdf,Project Management,1
HEALTHCARE,41910253.pdf,"Project Management, Excel",2
HEALTHCARE,17545780.pdf,,0
HEALTHCARE,18784594.pdf,,0
HEALTHCARE,69199666.pdf,,0
HEALTHCARE,39082090.pdf,,0
HEALTHCARE,95011061.pdf,Excel,1
HEALTHCARE,23138078.pdf,Excel,1
HEALTHCARE,24548333.pdf,"Excel, Project management",2
HEALTHCARE,28745844.pdf,,0
HEALTHCARE,14062078.pdf,Excel,1
HEALTHCARE,18129173.pdf,,0
HEALTHCARE,25451319.pdf,,0
HEALTHCARE,26585242.pdf,"Excel, Tableau, Project Management, SQL, excel",5
HEALTHCARE,37374340.pdf,,0
HEALTHCARE,13352113.pdf,,0
HEALTHCARE,91478356.pdf,,0
HEALTHCARE,85417107.pdf,,0
HEALTHCARE,29992154.pdf,,0
HEALTHCARE,26695839.pdf,"Excel, project management",2
HEALTHCARE,21866029.pdf,"Excel, Tableau, SQL, Data Visualization",4
HEALTHCARE,11605833.pdf,,0
HEALTHCARE,56520872.pdf,,0
HEALTHCARE,20736486.pdf,Excel,1
HEALTHCARE,75744306.pdf,Excel,1
HEALTHCARE,58879993.pdf,Excel,1
HEALTHCARE,25834360.pdf,,0
HEALTHCARE,17960690.pdf,,0
HEALTHCARE,14667957.pdf,,0
HEALTHCARE,36868767.pdf,Excel,1
HEALTHCARE,28670024.pdf,,0
HEALTHCARE,20748468.pdf,Excel,1
HEALTHCARE,97169343.pdf,,0
HEALTHCARE,36625776.pdf,,0
HEALTHCARE,25974844.pdf,Excel,1
HEALTHCARE,13565152.pdf,,0
HEALTHCARE,96260484.pdf,,0
HEALTHCARE,15499825.pdf,,0
HEALTHCARE,25328428.pdf,,0
HEALTHCARE,23110214.pdf,"Excel, Project management, project management",3
HEALTHCARE,80876647.pdf,,0
HEALTHCARE,28423028.pdf,,0
HR,52979663.pdf,,0
HR,23408537.pdf,"Excel, project management",2
HR,32947778.pdf,Project management,1
HR,15575117.pdf,Excel,1
HR,30163002.pdf,Excel,1
HR,87968870.pdf,,0
HR,18316239.pdf,"Project Management, Excel, project management",3
HR,26048718.pdf,"Project Management, Excel",2
HR,19717385.pdf,Excel,1
HR,17812897.pdf,"Project Management, Excel",2
HR,44476983.pdf,Excel,1
HR,27847081.pdf,"Excel, Project management",2
HR,30646367.pdf,Excel,1
HR,11763983.pdf,Excel,1
HR,72231872.pdf,"Excel, Tableau",2
HR,28828844.pdf,Excel,1
HR,18731098.pdf,"Project Management, Excel",2
HR,47470864.pdf,,0
HR,18297650.pdf,"Java, SQL",2
HR,91930382.pdf,,0
HR,11847784.pdf,"Excel, project management",2
HR,16852973.pdf,,0
HR,29297973.pdf,,0
HR,26780935.pdf,Project Management,1
HR,16861758.pdf,,0
HR,25676643.pdf,"Project Management, Excel, project management",3
HR,19867922.pdf,,0
HR,51769822.pdf,Excel,1
HR,15375009.pdf,Project management,1
HR,16877897.pdf,"Excel, SQL, JavaScript",3
HR,25824789.pdf,Project Management,1
HR,11592605.pdf,Excel,1
HR,39970711.pdf,Project Management,1
HR,15576950.pdf,,0
HR,28640735.pdf,project management,1
HR,49937469.pdf,Excel,1
HR,33176873.pdf,"Project Management, Excel",2
HR,13520837.pdf,,0
HR,18334783.pdf,"Project Management, Project management",2
HR,29564653.pdf,Excel,1
HR,27018550.pdf,Excel,1
HR,14225422.pdf,Excel,1
HR,19336728.pdf,Excel,1
HR,10399912.pdf,Excel,1
HR,12786012.pdf,Excel,1
HR,13879043.pdf,,0
HR,14640322.pdf,excel,1
HR,59962788.pdf,"Project Management, Project management, SQL, Java",4
HR,27496514.pdf,Excel,1
HR,15041689.pdf,,0
HR,39081840.pdf,"Project Management, Excel",2
HR,20417897.pdf,Excel,1
HR,28808263.pdf,Excel,1
HR,26671167.pdf,,0
HR,18084150.pdf,Excel,1
HR,29149998.pdf,,0
HR,18557164.pdf,"Project Management, Excel",2
HR,25150191.pdf,,0
HR,14256329.pdf,Excel,1
HR,25724495.pdf,excel,1
HR,17422560.pdf,Excel,1
HR,23914451.pdf,Project Management,1
HR,23510685.pdf,"Excel, project management",2
HR,86184722.pdf,,0
HR,73077810.pdf,,0
HR,24508725.pdf,Excel,1
HR,19616406.pdf,,0
HR,26202430.pdf,"Project Management, Excel, Project management",3
HR,22323967.pdf,Project Management,1
HR,39650734.pdf,Excel,1
HR,21830565.pdf,,0
HR,30862904.pdf,"Project Management, project management",2
HR,80162314.pdf,Project Management,1
HR,13376919.pdf,Excel,1
HR,29091445.pdf,Excel,1
HR,20993320.pdf,,0
HR,32308556.pdf,Project management,1
HR,34554248.pdf,Excel,1
HR,32977530.pdf,Excel,1
HR,30563572.pdf,Excel,1
HR,24184357.pdf,Excel,1
HR,28175164.pdf,PROJECT MANAGEMENT,1
HR,41523474.pdf,Excel,1
HR,24402267.pdf,Excel,1
HR,27490876.pdf,,0
HR,17855844.pdf,Excel,1
HR,18155310.pdf,Excel,1
HR,18422164.pdf,,0
HR,10694288.pdf,,0
HR,93112113.pdf,,0
HR,27165830.pdf,Excel,1
HR,34740556.pdf,Excel,1
HR,14886205.pdf,Excel,1
HR,23155093.pdf,"Project Management, Excel",2
HR,20925036.pdf,Excel,1
HR,19179079.pdf,Excel,1
HR,17150707.pdf,project management,1
HR,27523575.pdf,,0
HR,17412079.pdf,Excel,1
HR,28419173.pdf,Excel,1
HR,18827609.pdf,"Project Management, Excel",2
HR,32896934.pdf,,0
HR,21265194.pdf,Project management,1
HR,11480899.pdf,,0
HR,11698189.pdf,Excel,1
HR,93002334.pdf,Excel,1
HR,57667857.pdf,,0
HR,20806155.pdf,"Project Management, Excel",2
HR,46258701.pdf,Excel,1
HR,26289308.pdf,,0
INFORMATION-TECHNOLOGY,89413122.pdf,Project Management,1
INFORMATION-TECHNOLOGY,25905275.pdf,"Project Management, Excel",2
INFORMATION-TECHNOLOGY,24020470.pdf,,0
INFORMATION-TECHNOLOGY,20237244.pdf,,0
INFORMATION-TECHNOLOGY,15791766.pdf,Project Management,1
INFORMATION-TECHNOLOGY,20408458.pdf,,0
INFORMATION-TECHNOLOGY,31243710.pdf,"Excel, SQL, project management",3
INFORMATION-TECHNOLOGY,29051656.pdf,"Sql, SQL, AWS",3
INFORMATION-TECHNOLOGY,41344156.pdf,SQL,1
INFORMATION-TECHNOLOGY,20824105.pdf,"Python, AWS",2
INFORMATION-TECHNOLOGY,18176523.pdf,SQL,1
INFORMATION-TECHNOLOGY,64017585.pdf,,0
INFORMATION-TECHNOLOGY,25207620.pdf,,0
INFORMATION-TECHNOLOGY,22776912.pdf,SQL,1
INFORMATION-TECHNOLOGY,35325329.pdf,"Project Management, project management",2
INFORMATION-TECHNOLOGY,13405733.pdf,"Python, Excel, Project Management, Project management, SQL",5
INFORMATION-TECHNOLOGY,39413067.pdf,"Java, SQL, project management",3
INFORMATION-TECHNOLOGY,22450718.pdf,Excel,1
INFORMATION-TECHNOLOGY,24230851.pdf,excel,1
INFORMATION-TECHNOLOGY,10839851.pdf,,0
INFORMATION-TECHNOLOGY,28672970.pdf,"Project Management, project management",2
INFORMATION-TECHNOLOGY,13477922.pdf,,0
INFORMATION-TECHNOLOGY,24913648.pdf,,0
INFORMATION-TECHNOLOGY,10265057.pdf,"Python, Excel, SQL, Java",4
INFORMATION-TECHNOLOGY,21283365.pdf,Project Management,1
INFORMATION-TECHNOLOGY,26801767.pdf,Excel,1
INFORMATION-TECHNOLOGY,92069209.pdf,"Project Management, project management",2
INFORMATION-TECHNOLOGY,28126340.pdf,"Javascript, Project Management, Sql, SQL, JavaScript",5
INFORMATION-TECHNOLOGY,26480367.pdf,"python, project management",2
INFORMATION-TECHNOLOGY,15651486.pdf,SQL,1
INFORMATION-TECHNOLOGY,46260230.pdf,"Project management, project management",2
INFORMATION-TECHNOLOGY,12635195.pdf,"Java, Python, Javascript, Project Management, project management",5
INFORMATION-TECHNOLOGY,18067556.pdf,"Python, Excel, Tableau, AWS, Project Management, SQL, project management",7
INFORMATION-TECHNOLOGY,33241454.pdf,"Excel, Project management",2
INFORMATION-TECHNOLOGY,10089434.pdf,"Java, SQL",2
INFORMATION-TECHNOLOGY,17111768.pdf,"Project Management, SQL, project management",3
INFORMATION-TECHNOLOGY,25959103.pdf,"SQL, sql",2
INFORMATION-TECHNOLOGY,16899268.pdf,"Project Management, Project management",2
INFORMATION-TECHNOLOGY,32959732.pdf,"Project management, Tableau, SQL",3
INFORMATION-TECHNOLOGY,52246737.pdf,,0
INFORMATION-TECHNOLOGY,23666211.pdf,,0
INFORMATION-TECHNOLOGY,91697974.pdf,"Project Management, Excel",2
INFORMATION-TECHNOLOGY,24889109.pdf,,0
INFORMATION-TECHNOLOGY,12045067.pdf,,0
INFORMATION-TECHNOLOGY,14789139.pdf,"Project Management, SQL, project management",3
INFORMATION-TECHNOLOGY,21780877.pdf,Project Management,1
INFORMATION-TECHNOLOGY,19850482.pdf,Project Management,1
INFORMATION-TECHNOLOGY,83816738.pdf,"Java, AWS, HMI, SQL, JavaScript, project management",6
INFORMATION-TECHNOLOGY,18187364.pdf,SQL,1
INFORMATION-TECHNOLOGY,91121135.pdf,Excel,1
INFORMATION-TECHNOLOGY,57002858.pdf,"SQL, excel",2
INFORMATION-TECHNOLOGY,23527321.pdf,,0
INFORMATION-TECHNOLOGY,13385306.pdf,"Project Management, Tableau, SQL, sql",4
INFORMATION-TECHNOLOGY,29975124.pdf,"Project Management, SQL",2
INFORMATION-TECHNOLOGY,39718499.pdf,,0
INFORMATION-TECHNOLOGY,90867631.pdf,"SQL, project management",2
INFORMATION-TECHNOLOGY,18752129.pdf,,0
INFORMATION-TECHNOLOGY,70089206.pdf,"Project Management, SQL, JavaScript, Java",4
INFORMATION-TECHNOLOGY,11957080.pdf,"Excel, SQL",2
INFORMATION-TECHNOLOGY,36434348.pdf,"Project Management, SQL",2
INFORMATION-TECHNOLOGY,20024870.pdf,"Java, Excel, SQL",3
INFORMATION-TECHNOLOGY,17987433.pdf,,0
INFORMATION-TECHNOLOGY,27295996.pdf,"SQL, project management",2
INFORMATION-TECHNOLOGY,18159866.pdf,"Project Management, project management",2
INFORMATION-TECHNOLOGY,52618188.pdf,"Excel, Project management, project management",3
INFORMATION-TECHNOLOGY,27770859.pdf,Project management,1
INFORMATION-TECHNOLOGY,26746496.pdf,"Java, Excel, Javascript, SQL, JavaScript",5
INFORMATION-TECHNOLOGY,37764298.pdf,"Excel, SQL",2
INFORMATION-TECHNOLOGY,30223363.pdf,"Java, SQL, Project Management, Sql",4
INFORMATION-TECHNOLOGY,15118506.pdf,Project Management,1
INFORMATION-TECHNOLOGY,12334140.pdf,,0
INFORMATION-TECHNOLOGY,24083609.pdf,,0
INFORMATION-TECHNOLOGY,68460556.pdf,Excel,1
INFORMATION-TECHNOLOGY,28035460.pdf,,0
INFORMATION-TECHNOLOGY,16186411.pdf,"Java, Excel, Javascript, SQL, JavaScript",5
INFORMATION-TECHNOLOGY,10840430.pdf,"SCADA, project management",2
INFORMATION-TECHNOLOGY,11580408.pdf,SQL,1
INFORMATION-TECHNOLOGY,20879311.pdf,"Project Management, SQL",2
INFORMATION-TECHNOLOGY,37242217.pdf,"Java, Project Management, SQL, JavaScript, project management",5
INFORMATION-TECHNOLOGY,40018190.pdf,,0
INFORMATION-TECHNOLOGY,66832845.pdf,,0
INFORMATION-TECHNOLOGY,31111279.pdf,"PROJECT MANAGEMENT, Project management, SQL, Project Management",4
INFORMATION-TECHNOLOGY,12763627.pdf,"Sql, SQL, Javascript, JavaScript",4
INFORMATION-TECHNOLOGY,13836471.pdf,SQL,1
INFORMATION-TECHNOLOGY,81761658.pdf,Project Management,1
INFORMATION-TECHNOLOGY,51639418.pdf,"Project Management, SCADA, SQL",3
INFORMATION-TECHNOLOGY,23864648.pdf,Project Management,1
INFORMATION-TECHNOLOGY,17688766.pdf,SQL,1
INFORMATION-TECHNOLOGY,17641670.pdf,"Excel, excel, project management",3
INFORMATION-TECHNOLOGY,10247517.pdf,"Project Management, Excel, SQL, AutoCAD",4
INFORMATION-TECHNOLOGY,10553553.pdf,SQL,1
INFORMATION-TECHNOLOGY,20674668.pdf,"Java, SQL, JavaScript, Python",4
INFORMATION-TECHNOLOGY,24038620.pdf,project management,1
INFORMATION-TECHNOLOGY,91635250.pdf,,0
INFORMATION-TECHNOLOGY,19796840.pdf,SQL,1
INFORMATION-TECHNOLOGY,11584809.pdf,"Project Management, project management",2
INFORMATION-TECHNOLOGY,25990239.pdf,"Excel, Project management, project management",3
INFORMATION-TECHNOLOGY,27485716.pdf,"Project Management, project management",2
INFORMATION-TECHNOLOGY,48037995.pdf,Excel,1
INFORMATION-TECHNOLOGY,36856210.pdf,,0
INFORMATION-TECHNOLOGY,28897981.pdf,,0
INFORMATION-TECHNOLOGY,29075857.pdf,"Excel, Sql, Project Management, SQL, excel",5
INFORMATION-TECHNOLOGY,20001721.pdf,"Excel, SQL",2
INFORMATION-TECHNOLOGY,15802627.pdf,,0
INFORMATION-TECHNOLOGY,15297298.pdf,"Project Management, Excel",2
INFORMATION-TECHNOLOGY,51363762.pdf,Project Management,1
INFORMATION-TECHNOLOGY,33381211.pdf,"SQL, AWS",2
INFORMATION-TECHNOLOGY,27536013.pdf,"Project Management, SQL, project management",3
INFORMATION-TECHNOLOGY,17681064.pdf,"Project Management, Project management",2
INFORMATION-TECHNOLOGY,28697203.pdf,"Project Management, Project management, SCADA, project management",4
INFORMATION-TECHNOLOGY,25857360.pdf,Excel,1
INFORMATION-TECHNOLOGY,10641230.pdf,"Java, JavaScript, project management",3
INFORMATION-TECHNOLOGY,18301617.pdf,"Project Management, SQL",2
INFORMATION-TECHNOLOGY,27372171.pdf,excel,1
INFORMATION-TECHNOLOGY,27058381.pdf,"Project Management, Excel",2
INFORMATION-TECHNOLOGY,79541391.pdf,"Excel, AUTOCAD, SQL, Sql, Autocad",5
INFORMATION-TECHNOLOGY,26768723.pdf,,0
INFORMATION-TECHNOLOGY,19201175.pdf,,0
INFORMATION-TECHNOLOGY,16533554.pdf,"Project Management, project management",2
INFORMATION-TECHNOLOGY,38753827.pdf,Project management,1
PUBLIC-RELATIONS,31392754.pdf,Excel,1
PUBLIC-RELATIONS,21549195.pdf,"Project management, project management",2
PUBLIC-RELATIONS,23673025.pdf,,0
PUBLIC-RELATIONS,12567516.pdf,Excel,1
PUBLIC-RELATIONS,85973397.pdf,,0
PUBLIC-RELATIONS,42332765.pdf,Excel,1
PUBLIC-RELATIONS,33072201.pdf,Excel,1
PUBLIC-RELATIONS,38056161.pdf,"Excel, project management",2
PUBLIC-RELATIONS,37913536.pdf,Excel,1
PUBLIC-RELATIONS,14966165.pdf,,0
PUBLIC-RELATIONS,11842274.pdf,,0
PUBLIC-RELATIONS,14128006.pdf,,0
PUBLIC-RELATIONS,19558834.pdf,,0
PUBLIC-RELATIONS,21669215.pdf,,0
PUBLIC-RELATIONS,53701275.pdf,Excel,1
PUBLIC-RELATIONS,25001005.pdf,,0
PUBLIC-RELATIONS,23631724.pdf,,0
PUBLIC-RELATIONS,37375999.pdf,project management,1
PUBLIC-RELATIONS,31220062.pdf,"Project management, project management",2
PUBLIC-RELATIONS,26173524.pdf,project management,1
PUBLIC-RELATIONS,14910300.pdf,"Project Management, Excel",2
PUBLIC-RELATIONS,14536764.pdf,,0
PUBLIC-RELATIONS,30642458.pdf,Excel,1
PUBLIC-RELATIONS,22455205.pdf,Excel,1
PUBLIC-RELATIONS,11635137.pdf,,0
PUBLIC-RELATIONS,12237267.pdf,,0
PUBLIC-RELATIONS,26127853.pdf,,0
PUBLIC-RELATIONS,41590605.pdf,"Excel, Project management",2
PUBLIC-RELATIONS,28975482.pdf,,0
PUBLIC-RELATIONS,20966771.pdf,Excel,1
PUBLIC-RELATIONS,14364597.pdf,Excel,1
PUBLIC-RELATIONS,36107065.pdf,"Excel, SQL, project management",3
PUBLIC-RELATIONS,61319162.pdf,,0
PUBLIC-RELATIONS,11850315.pdf,Excel,1
PUBLIC-RELATIONS,19072267.pdf,"Project Management, Excel, Project management",3
PUBLIC-RELATIONS,14009087.pdf,Project management,1
PUBLIC-RELATIONS,19497420.pdf,Project Management,1
PUBLIC-RELATIONS,85766635.pdf,Excel,1
PUBLIC-RELATIONS,31292364.pdf,Project management,1
PUBLIC-RELATIONS,21478007.pdf,Excel,1
PUBLIC-RELATIONS,23602130.pdf,,0
PUBLIC-RELATIONS,10554045.pdf,Excel,1
PUBLIC-RELATIONS,13915715.pdf,"Excel, EXCEL",2
PUBLIC-RELATIONS,28531493.pdf,project management,1
PUBLIC-RELATIONS,27257013.pdf,Excel,1
PUBLIC-RELATIONS,26130673.pdf,,0
PUBLIC-RELATIONS,51415089.pdf,,0
PUBLIC-RELATIONS,24977396.pdf,,0
PUBLIC-RELATIONS,22754014.pdf,Project Management,1
PUBLIC-RELATIONS,21386255.pdf,Excel,1
PUBLIC-RELATIONS,11624880.pdf,,0
PUBLIC-RELATIONS,18436190.pdf,Excel,1
PUBLIC-RELATIONS,23771896.pdf,Project management,1
PUBLIC-RELATIONS,91197243.pdf,"Project Management, Excel",2
PUBLIC-RELATIONS,24491862.pdf,,0
PUBLIC-RELATIONS,98086373.pdf,,0
PUBLIC-RELATIONS,18133495.pdf,"Project Management, Project management, SQL, PROJECT MANAGEMENT",4
PUBLIC-RELATIONS,27000192.pdf,Excel,1
PUBLIC-RELATIONS,10926726.pdf,"Excel, project management",2
PUBLIC-RELATIONS,22560013.pdf,"Excel, Project management",2
PUBLIC-RELATIONS,13129275.pdf,Excel,1
PUBLIC-RELATIONS,14278888.pdf,,0
PUBLIC-RELATIONS,21297828.pdf,Excel,1
PUBLIC-RELATIONS,25070914.pdf,Excel,1
PUBLIC-RELATIONS,31211074.pdf,"Project Management, Excel",2
PUBLIC-RELATIONS,65237556.pdf,Tableau,1
PUBLIC-RELATIONS,19503224.pdf,excel,1
PUBLIC-RELATIONS,16103783.pdf,"Excel, excel",2
PUBLIC-RELATIONS,49119887.pdf,,0
PUBLIC-RELATIONS,13727873.pdf,"Excel, Data Visualization, excel, project management",4
PUBLIC-RELATIONS,37087371.pdf,,0
PUBLIC-RELATIONS,22861181.pdf,Excel,1
PUBLIC-RELATIONS,88651471.pdf,Excel,1
PUBLIC-RELATIONS,26330995.pdf,project management,1
PUBLIC-RELATIONS,10873344.pdf,"Excel, excel",2
PUBLIC-RELATIONS,29525715.pdf,Project Management,1
PUBLIC-RELATIONS,21663616.pdf,"Project Management, Project management",2
PUBLIC-RELATIONS,14667659.pdf,"Excel, excel, project management",3
PUBLIC-RELATIONS,12191094.pdf,,0
PUBLIC-RELATIONS,14611516.pdf,Python,1
PUBLIC-RELATIONS,32441790.pdf,,0
PUBLIC-RELATIONS,36671891.pdf,,0
PUBLIC-RELATIONS,93828034.pdf,"Excel, project management",2
PUBLIC-RELATIONS,75329822.pdf,project management,1
PUBLIC-RELATIONS,10070224.pdf,Excel,1
PUBLIC-RELATIONS,24710433.pdf,Project management,1
PUBLIC-RELATIONS,24559558.pdf,,0
PUBLIC-RELATIONS,24590489.pdf,,0
PUBLIC-RELATIONS,16226743.pdf,project management,1
PUBLIC-RELATIONS,29329075.pdf,,0
PUBLIC-RELATIONS,11160414.pdf,Project Management,1
PUBLIC-RELATIONS,24677466.pdf,project management,1
PUBLIC-RELATIONS,11902276.pdf,,0
PUBLIC-RELATIONS,23143731.pdf,,0
PUBLIC-RELATIONS,28862054.pdf,,0
PUBLIC-RELATIONS,45462344.pdf,,0
PUBLIC-RELATIONS,28831442.pdf,Excel,1
PUBLIC-RELATIONS,45900271.pdf,,0
PUBLIC-RELATIONS,19929506.pdf,project management,1
PUBLIC-RELATIONS,12545844.pdf,project management,1
PUBLIC-RELATIONS,21321598.pdf,"Excel, excel",2
PUBLIC-RELATIONS,20470943.pdf,Excel,1
PUBLIC-RELATIONS,23048999.pdf,,0
PUBLIC-RELATIONS,34712719.pdf,Excel,1
PUBLIC-RELATIONS,15917885.pdf,,0
PUBLIC-RELATIONS,12920612.pdf,Project management,1
PUBLIC-RELATIONS,16620172.pdf,,0
PUBLIC-RELATIONS,25413261.pdf,Project management,1
PUBLIC-RELATIONS,59346975.pdf,Project Management,1
PUBLIC-RELATIONS,23015611.pdf,machine learning,1
PUBLIC-RELATIONS,28290448.pdf,,0
SALES,25839123.pdf,,0
SALES,33578873.pdf,,0
SALES,71772815.pdf,Excel,1
SALES,30083943.pdf,,0
SALES,38087844.pdf,"Project Management, Excel, project management",3
SALES,92200491.pdf,,0
SALES,27624540.pdf,,0
SALES,25810233.pdf,,0
SALES,17781039.pdf,"Project Management, project management",2
SALES,69155584.pdf,,0
SALES,27233183.pdf,,0
SALES,23032182.pdf,,0
SALES,37792474.pdf,"Project Management, project management",2
SALES,29332616.pdf,,0
SALES,28139742.pdf,project management,1
SALES,15918496.pdf,,0
SALES,29815762.pdf,,0
SALES,26530696.pdf,"Excel, SQL",2
SALES,15581242.pdf,,0
SALES,20141807.pdf,,0
SALES,14381464.pdf,,0
SALES,28198029.pdf,,0
SALES,29805310.pdf,,0
SALES,14358578.pdf,,0
SALES,34303500.pdf,Excel,1
SALES,20552814.pdf,,0
SALES,28377361.pdf,,0
SALES,17410700.pdf,,0
SALES,18885231.pdf,"Excel, project management",2
SALES,37360517.pdf,,0
SALES,36621169.pdf,Excel,1
SALES,15973307.pdf,Excel,1
SALES,28867567.pdf,,0
SALES,16511249.pdf,,0
SALES,51349448.pdf,Excel,1
SALES,20819838.pdf,,0
SALES,13812481.pdf,,0
SALES,23296286.pdf,,0
SALES,23760084.pdf,,0
SALES,55477468.pdf,Excel,1
SALES,36904300.pdf,Excel,1
SALES,18368613.pdf,,0
SALES,33236701.pdf,Excel,1
SALES,10603337.pdf,,0
SALES,23782450.pdf,,0
SALES,19473948.pdf,Excel,1
SALES,17704246.pdf,"Project Management, Excel, project management",3
SALES,12820557.pdf,Excel,1
SALES,40987524.pdf,,0
SALES,87118391.pdf,Excel,1
SALES,19156751.pdf,,0
SALES,79376680.pdf,Project Management,1
SALES,15765660.pdf,"Project Management, Excel, SQL, project management",4
SALES,30608780.pdf,,0
SALES,29211919.pdf,Excel,1
SALES,22047665.pdf,,0
SALES,26425074.pdf,,0
SALES,37735467.pdf,,0
SALES,29134721.pdf,"Excel, excel, project management",3
SALES,55104715.pdf,"SQL, project management",2
SALES,29399491.pdf,,0
SALES,12351749.pdf,"Excel, Tableau, Machine Learning",3
SALES,29184740.pdf,,0
SALES,19147947.pdf,,0
SALES,32140087.pdf,Project Management,1
SALES,21595057.pdf,,0
SALES,36970996.pdf,Excel,1
SALES,16121015.pdf,,0
SALES,17509935.pdf,,0
SALES,13348915.pdf,,0
SALES,65456466.pdf,,0
SALES,55097118.pdf,Excel,1
SALES,20423658.pdf,,0
SALES,37540732.pdf,Excel,1
SALES,16223371.pdf,,0
SALES,85918100.pdf,,0
SALES,23929500.pdf,Excel,1
SALES,59422148.pdf,,0
SALES,31199035.pdf,,0
SALES,10724818.pdf,Excel,1
SALES,26932091.pdf,Project Management,1
SALES,10138632.pdf,,0
SALES,16280971.pdf,Project management,1
SALES,24610685.pdf,"Excel, Tableau, Project Management, SQL, JavaScript",5
SALES,15273850.pdf,,0
SALES,15620421.pdf,Excel,1
SALES,42304307.pdf,Excel,1
SALES,54101961.pdf,,0
SALES,18171955.pdf,Excel,1
SALES,98108571.pdf,,0
SALES,26994282.pdf,,0
SALES,17378327.pdf,,0
SALES,29928796.pdf,Excel,1
SALES,90682785.pdf,,0
SALES,25315791.pdf,,0
SALES,22319662.pdf,Excel,1
SALES,36074301.pdf,,0
SALES,27607632.pdf,EXCEL,1
SALES,39581020.pdf,,0
SALES,12082377.pdf,,0
SALES,10464113.pdf,,0
SALES,18062906.pdf,excel,1
SALES,70528646.pdf,,0
SALES,30529547.pdf,,0
SALES,13637605.pdf,excel,1
SALES,98509238.pdf,Project Management,1
SALES,18328743.pdf,"Excel, excel",2
SALES,19147494.pdf,,0
SALES,31454430.pdf,,0
SALES,13178604.pdf,"Project Management, Project management",2
SALES,10898339.pdf,,0
SALES,34131484.pdf,,0
SALES,19582792.pdf,Project Management,1
SALES,58428843.pdf,,0
SALES,12696104.pdf,,0
SALES,14267489.pdf,Excel,1
TEACHER,16270906.pdf,,0
TEACHER,69005326.pdf,,0
TEACHER,27126818.pdf,,0
TEACHER,13855004.pdf,Excel,1
TEACHER,21611212.pdf,,0
TEACHER,20478831.pdf,,0
TEACHER,14958913.pdf,,0
TEACHER,20626794.pdf,excel,1
TEACHER,11616482.pdf,,0
TEACHER,27531694.pdf,Excel,1
TEACHER,28063132.pdf,,0
TEACHER,53129155.pdf,,0
TEACHER,34465087.pdf,,0
TEACHER,10909720.pdf,,0
TEACHER,15899269.pdf,,0
TEACHER,22632070.pdf,,0
TEACHER,34033933.pdf,Excel,1
TEACHER,28772892.pdf,,0
TEACHER,13583538.pdf,,0
TEACHER,37660306.pdf,,0
TEACHER,10527994.pdf,Excel,1
TEACHER,31552617.pdf,,0
TEACHER,23398843.pdf,"Excel, project management",2
TEACHER,28013287.pdf,"Excel, EXcel",2
TEACHER,24791126.pdf,,0
TEACHER,86322251.pdf,,0
TEACHER,11336022.pdf,Excel,1
TEACHER,19464810.pdf,Excel,1
TEACHER,22968380.pdf,Excel,1
TEACHER,99244405.pdf,,0
TEACHER,19302310.pdf,,0
TEACHER,51209395.pdf,,0
TEACHER,27798860.pdf,"Excel, excel, AutoCAD, project management",4
TEACHER,12587973.pdf,,0
TEACHER,22056333.pdf,,0
TEACHER,22408666.pdf,,0
TEACHER,48547319.pdf,,0
TEACHER,86597425.pdf,Excel,1
TEACHER,37402097.pdf,,0
TEACHER,21773106.pdf,,0
TEACHER,69532425.pdf,,0
TEACHER,17481570.pdf,,0
TEACHER,25729119.pdf,excel,1
TEACHER,28933005.pdf,,0
TEACHER,29486525.pdf,,0
TEACHER,29797594.pdf,,0
TEACHER,13087952.pdf,,0
TEACHER,33704389.pdf,,0
TEACHER,29639533.pdf,,0
TEACHER,19918523.pdf,,0
TEACHER,36206485.pdf,Excel,1
TEACHER,18001081.pdf,,0
TEACHER,58665241.pdf,,0
TEACHER,27524018.pdf,,0
TEACHER,38750659.pdf,,0
TEACHER,35421497.pdf,,0
TEACHER,12467531.pdf,Excel,1
TEACHER,24240349.pdf,Excel,1
TEACHER,66906212.pdf,,0
TEACHER,76196367.pdf,,0
TEACHER,20230207.pdf,,0
TEACHER,66683238.pdf,Excel,1
TEACHER,22807104.pdf,Excel,1
TEACHER,58708773.pdf,,0
TEACHER,19786924.pdf,excel,1
TEACHER,25588694.pdf,,0
TEACHER,49285644.pdf,Excel,1
TEACHER,32067700.pdf,,0
TEACHER,62184086.pdf,,0
TEACHER,28086303.pdf,,0
TEACHER,79663360.pdf,,0
TEACHER,45286020.pdf,Excel,1
TEACHER,21550454.pdf,,0
TEACHER,28642819.pdf,,0
TEACHER,45987048.pdf,,0
TEACHER,13296856.pdf,,0
TEACHER,22551979.pdf,Excel,1
TEACHER,96547039.pdf,,0
TEACHER,15850434.pdf,,0
TEACHER,10504237.pdf,,0
TEACHER,63391085.pdf,Excel,1
TEACHER,17311685.pdf,Excel,1
TEACHER,74816727.pdf,,0
TEACHER,29267293.pdf,,0
TEACHER,34689720.pdf,,0
TEACHER,19556300.pdf,,0
TEACHER,58105060.pdf,Excel,1
TEACHER,23939133.pdf,,0
TEACHER,22884757.pdf,Excel,1
TEACHER,29930479.pdf,Excel,1
TEACHER,23628651.pdf,Project management,1
TEACHER,70892619.pdf,,0
TEACHER,20399718.pdf,,0
TEACHER,11943065.pdf,,0
TEACHER,34745915.pdf,,0
TEACHER,16210888.pdf,,0
TEACHER,16820422.pdf,,0
TEACHER,36569713.pdf,,0
TEACHER,13330982.pdf,,0
TEACHER,90363254.pdf,,0
TEACHER,21531811.pdf,,0
TEACHER,22510753.pdf,Excel,1
